Datetime,Date,Time,Temp,Hum,Dew,Wind Speed,Wind Dir,Hi Speed,Hi Dir,Bar,Total Accum,Rain Accum,Rain Rate,Pressure_Tendency_5min,Pressure_Tendency_10min,Pressure_Tendency_15min,Pressure_Tendency_30min,Pressure_Tendency_60min
10/9/2024 15:35,10/9/2024,3:35 PM,78.4,90,75.2,20,SSW,26,SSW,993.2,1.65,0.01,0.24,,,,,
10/9/2024 15:36,10/9/2024,3:36 PM,78.3,90,75.1,16,NW,24,W,993,,0.03,3,,,,,
10/9/2024 15:37,10/9/2024,3:37 PM,78.2,90,75,17,WNW,27,WNW,992.6,,0.02,2.76,-0.5,,,,
10/9/2024 15:38,10/9/2024,3:38 PM,78.1,90,74.9,13,WNW,19,W,992.6,,0.01,0.86,-0.4,,,,
10/9/2024 15:39,10/9/2024,3:39 PM,78,90,74.8,12,WNW,18,W,992.4,,0,0.37,-0.8,,,,
10/9/2024 15:40,10/9/2024,3:40 PM,77.9,91,75.1,16,W,30,WSW,992.4,,0.01,0.37,-0.8,,,,
10/9/2024 15:41,10/9/2024,3:41 PM,77.8,91,75,15,WNW,22,WNW,992.1,,0,0.27,-0.9,,,,
10/9/2024 15:42,10/9/2024,3:42 PM,77.9,91,75.1,14,W,24,W,992.1,,0,0.19,-0.5,-1,,,
10/9/2024 15:43,10/9/2024,3:43 PM,77.8,91,75,17,W,24,WSW,992,,0.01,0.19,-0.6,-1,,,
10/9/2024 15:44,10/9/2024,3:44 PM,77.8,91,75,17,WNW,25,W,992.1,,0.01,0.41,-0.3,-1.1,,,
10/9/2024 15:45,10/9/2024,3:45 PM,77.8,91,75,15,W,23,W,991.9,,0.01,0.84,-0.5,-1.3,,,
10/9/2024 15:46,10/9/2024,3:46 PM,77.8,91,75,17,WNW,26,W,992,,0.01,0.84,-0.1,-1,,,
10/9/2024 15:47,10/9/2024,3:47 PM,77.8,91,75,16,WNW,24,WNW,991.9,,0.02,2.2,-0.2,-0.7,-1.2,,
10/9/2024 15:48,10/9/2024,3:48 PM,77.8,92,75.3,18,WNW,31,WNW,991.6,,0.02,2.2,-0.4,-1,-1.4,,
10/9/2024 15:49,10/9/2024,3:49 PM,77.8,92,75.3,18,WNW,28,W,991.5,,0,0.36,-0.6,-0.9,-1.7,,
10/9/2024 15:50,10/9/2024,3:50 PM,77.8,92,75.3,18,WNW,28,W,991.6,,0,0.24,-0.3,-0.8,-1.6,,
10/9/2024 15:51,10/9/2024,3:51 PM,77.8,92,75.3,14,WNW,24,WNW,991.6,,0.01,0.24,-0.4,-0.5,-1.4,,
10/9/2024 15:52,10/9/2024,3:52 PM,77.8,92,75.3,15,WNW,26,WNW,991.5,,0,0.24,-0.4,-0.6,-1.1,,
10/9/2024 15:53,10/9/2024,3:53 PM,77.8,92,75.3,15,WNW,22,WNW,991.4,,0,0.2,-0.2,-0.6,-1.2,,
10/9/2024 15:54,10/9/2024,3:54 PM,77.8,92,75.3,16,WNW,25,WNW,991.3,,0.01,0.2,-0.2,-0.8,-1.1,,
10/9/2024 15:55,10/9/2024,3:55 PM,77.8,92,75.3,17,W,25,W,991.3,,0.01,0.54,-0.3,-0.6,-1.1,,
10/9/2024 15:56,10/9/2024,3:56 PM,77.8,92,75.3,18,W,28,W,991.4,,0.01,0.54,-0.2,-0.6,-0.7,,
10/9/2024 15:57,10/9/2024,3:57 PM,77.8,92,75.3,18,WNW,26,WNW,991.4,,0.01,0.41,-0.1,-0.5,-0.7,,
10/9/2024 15:58,10/9/2024,3:58 PM,77.8,92,75.3,21,WNW,31,WNW,991.4,,0.02,0.79,0,-0.2,-0.6,,
10/9/2024 15:59,10/9/2024,3:59 PM,77.8,92,75.3,18,WNW,28,NW,991.2,,0.01,2.34,-0.1,-0.3,-0.9,,
10/9/2024 16:00,10/9/2024,4:00 PM,77.8,92,75.3,19,W,27,W,991.4,,0.04,2.34,0.1,-0.2,-0.5,,
10/9/2024 16:01,10/9/2024,4:01 PM,77.7,92,75.2,12,WNW,21,WNW,991.4,,0.05,5.01,0,-0.2,-0.6,,
10/9/2024 16:02,10/9/2024,4:02 PM,77.7,92,75.2,16,W,22,WNW,991.3,,0.02,2.55,-0.1,-0.2,-0.6,-1.8,
10/9/2024 16:03,10/9/2024,4:03 PM,77.8,92,75.3,22,W,32,WNW,991.2,,0.01,1.24,-0.2,-0.2,-0.4,-1.8,
10/9/2024 16:04,10/9/2024,4:04 PM,77.8,92,75.3,19,W,31,WNW,991,,0.02,1.12,-0.2,-0.3,-0.5,-2.2,
10/9/2024 16:05,10/9/2024,4:05 PM,77.8,92,75.3,20,WNW,31,W,990.9,,0.02,1.12,-0.5,-0.4,-0.7,-2.3,
10/9/2024 16:06,10/9/2024,4:06 PM,77.7,92,75.2,19,W,29,WNW,991,,0.04,2.5,-0.4,-0.4,-0.6,-2,
10/9/2024 16:07,10/9/2024,4:07 PM,77.8,92,75.3,19,WNW,26,WNW,990.9,,0.05,4.14,-0.4,-0.5,-0.6,-1.7,
10/9/2024 16:08,10/9/2024,4:08 PM,77.8,92,75.3,18,W,26,W,990.9,,0.03,4.14,-0.3,-0.5,-0.5,-1.7,
10/9/2024 16:09,10/9/2024,4:09 PM,77.8,92,75.3,19,W,24,WNW,991.1,,0.02,1.69,0.1,-0.1,-0.2,-1.3,
10/9/2024 16:10,10/9/2024,4:10 PM,77.8,92,75.3,13,WNW,18,WNW,991,,0.01,1.67,0.1,-0.4,-0.3,-1.4,
10/9/2024 16:11,10/9/2024,4:11 PM,77.8,92,75.3,12,WNW,18,WNW,990.8,,0.01,0.56,-0.2,-0.6,-0.6,-1.3,
10/9/2024 16:12,10/9/2024,4:12 PM,77.7,92,75.2,12,NW,18,NW,991,,0.01,0.88,0.1,-0.3,-0.4,-1.1,
10/9/2024 16:13,10/9/2024,4:13 PM,77.8,92,75.3,12,NW,18,NW,991.1,,0.01,0.88,0.2,-0.1,-0.3,-0.9,
10/9/2024 16:14,10/9/2024,4:14 PM,77.8,92,75.3,13,WNW,17,NNW,991.1,,0.01,0.51,0,0.1,-0.1,-1,
10/9/2024 16:15,10/9/2024,4:15 PM,77.8,92,75.3,11,NW,18,NW,990.9,,0.02,0.54,-0.1,0,-0.5,-1,
10/9/2024 16:16,10/9/2024,4:16 PM,77.8,92,75.3,18,NW,31,WNW,990.7,,0.04,1.99,-0.1,-0.3,-0.7,-1.3,
10/9/2024 16:17,10/9/2024,4:17 PM,77.8,92,75.3,15,NNW,26,NNW,990.6,,0.04,3.53,-0.4,-0.3,-0.7,-1.3,
10/9/2024 16:18,10/9/2024,4:18 PM,77.9,93,75.7,15,WNW,21,WNW,990.7,,0.04,3.2,-0.4,-0.2,-0.5,-0.9,
10/9/2024 16:19,10/9/2024,4:19 PM,77.8,93,75.6,19,NW,26,W,990.8,,0.03,3.2,-0.3,-0.3,-0.2,-0.7,
10/9/2024 16:20,10/9/2024,4:20 PM,77.9,92,75.4,15,WNW,21,NNW,991,,0.01,1.54,0.1,0,0.1,-0.6,
10/9/2024 16:21,10/9/2024,4:21 PM,78,92,75.5,16,WNW,31,WNW,992.8,,0,0.58,2.1,2,1.8,1.2,
10/9/2024 16:22,10/9/2024,4:22 PM,78.1,92,75.6,15,NW,29,W,992.5,,0,0.33,1.9,1.5,1.6,1,
10/9/2024 16:23,10/9/2024,4:23 PM,78.4,92,75.9,20,NNW,31,NNW,992.6,,0.01,0.33,1.9,1.5,1.7,1.2,
10/9/2024 16:24,10/9/2024,4:24 PM,78.4,92,75.9,19,WNW,28,NNW,992.9,,0.01,0.47,2.1,1.8,1.8,1.6,
10/9/2024 16:25,10/9/2024,4:25 PM,78.5,91,75.7,12,NNW,20,W,992.8,,0,0.36,1.8,1.9,1.8,1.5,
10/9/2024 16:26,10/9/2024,4:26 PM,78.4,91,75.6,12,WNW,20,NW,992.8,,0,0.23,0,2.1,2,1.4,
10/9/2024 16:27,10/9/2024,4:27 PM,78.3,91,75.5,17,WNW,24,WNW,992.5,,0,0.16,0,1.9,1.5,1.1,
10/9/2024 16:28,10/9/2024,4:28 PM,78.5,91,75.7,18,WNW,33,WNW,992.4,,0,0.13,-0.2,1.7,1.3,1,
10/9/2024 16:29,10/9/2024,4:29 PM,78.6,91,75.8,17,NW,26,WNW,992.4,,0,0.11,-0.5,1.6,1.3,1.2,
10/9/2024 16:30,10/9/2024,4:30 PM,78.8,91,75.9,21,NW,29,NW,992.5,,0,0.09,-0.3,1.5,1.6,1.1,
10/9/2024 16:31,10/9/2024,4:31 PM,78.9,91,76,19,NW,25,NW,992.5,,0,0.08,-0.3,-0.3,1.8,1.1,
10/9/2024 16:32,10/9/2024,4:32 PM,78.9,91,76,21,WNW,32,NW,992.2,,0.01,0.08,-0.3,-0.3,1.6,0.9,-0.9
10/9/2024 16:33,10/9/2024,4:33 PM,78.9,91,76,17,WNW,36,NW,992.3,,0,0.08,-0.1,-0.3,1.6,1.1,-0.7
10/9/2024 16:34,10/9/2024,4:34 PM,78.9,91,76,16,WNW,26,NW,992.2,,0,0.08,-0.2,-0.7,1.4,1.2,-1
10/9/2024 16:35,10/9/2024,4:35 PM,78.8,91,75.9,17,WNW,28,W,992,,0,0.08,-0.5,-0.8,1,1.1,-1.2
10/9/2024 16:36,10/9/2024,4:36 PM,78.8,91,75.9,18,WNW,27,W,991.9,,0,0.08,-0.6,-0.9,-0.9,0.9,-1.1
10/9/2024 16:37,10/9/2024,4:37 PM,78.9,91,76,21,WNW,35,W,992,,0,0.08,-0.2,-0.5,-0.5,1.1,-0.6
10/9/2024 16:38,10/9/2024,4:38 PM,79,90,75.8,19,WNW,27,W,991.9,,0,0.08,-0.4,-0.5,-0.7,1,-0.7
10/9/2024 16:39,10/9/2024,4:39 PM,79,90,75.8,21,WNW,31,NW,991.5,,0,0.08,-0.7,-0.9,-1.4,0.4,-0.9
10/9/2024 16:40,10/9/2024,4:40 PM,79.1,90,75.9,19,WNW,32,WNW,991.2,,0,0.07,-0.8,-1.3,-1.6,0.2,-1.2
10/9/2024 16:41,10/9/2024,4:41 PM,79.1,90,75.9,19,W,24,W,991.4,,0,0.06,-0.5,-1.1,-1.4,0.6,-0.7
10/9/2024 16:42,10/9/2024,4:42 PM,79.2,90,76,15,WNW,19,NW,991.3,,0,0.06,-0.7,-0.9,-1.2,0.3,-0.8
10/9/2024 16:43,10/9/2024,4:43 PM,79.1,90,75.9,14,WNW,21,NW,991.4,,0,0.05,-0.5,-0.9,-1,0.3,-0.6
10/9/2024 16:44,10/9/2024,4:44 PM,79.1,90,75.9,13,WNW,23,W,991.5,,0,0.05,0,-0.7,-0.9,0.4,-0.6
10/9/2024 16:45,10/9/2024,4:45 PM,79.1,90,75.9,17,WNW,29,WNW,991.4,,0,0.04,0.2,-0.6,-1.1,0.5,-0.5
10/9/2024 16:46,10/9/2024,4:46 PM,79.1,90,75.9,18,WNW,29,W,991.4,,0,0.04,0,-0.5,-1.1,0.7,-0.6
10/9/2024 16:47,10/9/2024,4:47 PM,79.2,90,76,16,WNW,27,WNW,991.5,,0.01,0.04,0.2,-0.5,-0.7,0.9,-0.4
10/9/2024 16:48,10/9/2024,4:48 PM,79.1,90,75.9,15,WNW,22,NNW,991.6,,0,0.04,0.2,-0.3,-0.7,0.9,0
10/9/2024 16:49,10/9/2024,4:49 PM,79.1,90,75.9,14,WNW,20,NW,991.2,,0,0.04,-0.3,-0.3,-1,0.4,-0.3
10/9/2024 16:50,10/9/2024,4:50 PM,79,91,76.1,14,WNW,21,NW,991.3,,0,0.04,-0.1,0.1,-0.7,0.3,-0.3
10/9/2024 16:51,10/9/2024,4:51 PM,79,91,76.1,18,NW,24,NW,990.8,,0,0.04,-0.6,-0.6,-1.1,-2,-0.8
10/9/2024 16:52,10/9/2024,4:52 PM,79.1,90,75.9,15,WNW,23,WNW,990.8,,0,0.04,-0.7,-0.5,-1.2,-1.7,-0.7
10/9/2024 16:53,10/9/2024,4:53 PM,79.1,90,75.9,22,W,30,W,990.4,,0,0.04,-1.2,-1,-1.5,-2.2,-1
10/9/2024 16:54,10/9/2024,4:54 PM,79.2,90,76,18,WNW,23,NW,990.9,,0.01,0.09,-0.3,-0.6,-0.6,-2,-0.4
10/9/2024 16:55,10/9/2024,4:55 PM,79.2,90,76,16,NW,26,WNW,990.8,,0,0.09,-0.5,-0.6,-0.4,-2,-0.5
10/9/2024 16:56,10/9/2024,4:56 PM,79.3,90,76.1,20,NW,25,W,990.9,,0,0.09,0.1,-0.5,-0.5,-1.9,-0.5
10/9/2024 16:57,10/9/2024,4:57 PM,79.3,90,76.1,18,WNW,24,NW,990.7,,0,0.09,-0.1,-0.8,-0.6,-1.8,-0.7
10/9/2024 16:58,10/9/2024,4:58 PM,79.3,90,76.1,18,NNW,26,NNW,990.8,,0,0.09,0.4,-0.8,-0.6,-1.6,-0.6
10/9/2024 16:59,10/9/2024,4:59 PM,79.3,90,76.1,13,NW,19,NW,990.8,,0,0.09,-0.1,-0.4,-0.7,-1.6,-0.4
10/9/2024 17:00,10/9/2024,5:00 PM,79.3,90,76.1,16,WNW,21,WNW,990.6,,0,0.09,-0.2,-0.7,-0.8,-1.9,-0.8
10/9/2024 17:01,10/9/2024,5:01 PM,79.3,90,76.1,17,NW,28,WNW,990.5,,0,0.08,-0.4,-0.3,-0.9,-2,-0.9
10/9/2024 17:02,10/9/2024,5:02 PM,79.4,89,75.9,24,WNW,44,NW,990.3,,0,0.07,-0.4,-0.5,-1.2,-1.9,-1
10/9/2024 17:03,10/9/2024,5:03 PM,79.6,89,76.1,22,NW,33,WNW,990.5,,0,0.06,-0.3,0.1,-1.1,-1.8,-0.7
10/9/2024 17:04,10/9/2024,5:04 PM,79.6,89,76.1,14,WNW,45,WNW,990.5,,0,0.06,-0.3,-0.4,-0.7,-1.7,-0.5
10/9/2024 17:05,10/9/2024,5:05 PM,79.6,89,76.1,16,NW,24,NW,990.4,,0,0.05,-0.2,-0.4,-0.9,-1.6,-0.5
10/9/2024 17:06,10/9/2024,5:06 PM,79.5,89,76,14,WNW,17,WNW,990.4,,0,0.05,-0.1,-0.5,-0.4,-1.5,-0.6
10/9/2024 17:07,10/9/2024,5:07 PM,79.4,90,76.2,15,WNW,27,WNW,990.2,,0,0.04,-0.1,-0.5,-0.6,-1.8,-0.7
10/9/2024 17:08,10/9/2024,5:08 PM,79.3,90,76.1,17,NW,27,NW,989.9,,0,0.04,-0.6,-0.9,-0.5,-2,-1
10/9/2024 17:09,10/9/2024,5:09 PM,79.3,90,76.1,19,WNW,30,WNW,989.8,,0,0.04,-0.7,-1,-1.1,-1.7,-1.3
10/9/2024 17:10,10/9/2024,5:10 PM,79.4,90,76.2,16,NW,21,W,989.7,,0,0.04,-0.7,-0.9,-1.1,-1.5,-1.3
10/9/2024 17:11,10/9/2024,5:11 PM,79.3,90,76.1,15,NW,22,NW,989.9,,0,0,-0.5,-0.6,-1,-1.5,-0.9
10/9/2024 17:12,10/9/2024,5:12 PM,79.4,90,76.2,16,NW,22,NW,989.8,,0,0,-0.4,-0.5,-0.9,-1.5,-1.2
10/9/2024 17:13,10/9/2024,5:13 PM,79.4,90,76.2,23,W,33,W,989.3,,0,0,-0.6,-1.2,-1.5,-2.1,-1.8
10/9/2024 17:14,10/9/2024,5:14 PM,79.5,89,76,26,WNW,36,WNW,989.4,,0,0,-0.4,-1.1,-1.4,-2.1,-1.7
10/9/2024 17:15,10/9/2024,5:15 PM,79.6,89,76.1,17,WNW,23,WNW,989.3,,0,0,-0.4,-1.1,-1.3,-2.1,-1.6
10/9/2024 17:16,10/9/2024,5:16 PM,79.7,88,75.8,19,NW,28,NW,989.2,,0,0,-0.7,-1.2,-1.3,-2.2,-1.5
10/9/2024 17:17,10/9/2024,5:17 PM,79.8,88,75.9,21,WNW,36,WNW,988.9,,0,0,-0.9,-1.3,-1.4,-2.6,-1.7
10/9/2024 17:18,10/9/2024,5:18 PM,79.9,88,76,22,WNW,36,WNW,989,,0,0,-0.3,-0.9,-1.5,-2.6,-1.7
10/9/2024 17:19,10/9/2024,5:19 PM,80,88,76.1,20,WNW,26,NNW,989.2,,0,0,-0.2,-0.6,-1.3,-2,-1.6
10/9/2024 17:20,10/9/2024,5:20 PM,80,88,76.1,23,NW,32,NNW,988.9,,0,0,-0.4,-0.8,-1.5,-2.4,-2.1
10/9/2024 17:21,10/9/2024,5:21 PM,80.1,88,76.2,16,NW,21,NW,988.9,,0,0,-0.3,-1,-1.5,-1.9,-3.9
10/9/2024 17:22,10/9/2024,5:22 PM,80,88,76.1,16,WNW,28,WNW,989,,0,0,0.1,-0.8,-1.2,-1.8,-3.5
10/9/2024 17:23,10/9/2024,5:23 PM,80.1,87,75.9,21,WNW,33,NW,988.9,,0,0,-0.1,-0.4,-1,-1.5,-3.7
10/9/2024 17:24,10/9/2024,5:24 PM,80.3,87,76.1,25,NW,36,NW,988.9,,0,0,-0.3,-0.5,-0.9,-2,-4
10/9/2024 17:25,10/9/2024,5:25 PM,80.4,87,76.2,18,WNW,22,NW,988.7,,0,0,-0.2,-0.6,-1,-2.1,-4.1
10/9/2024 17:26,10/9/2024,5:26 PM,80.4,87,76.2,20,WNW,35,WNW,988.7,,0,0,-0.2,-0.5,-1.2,-2.2,-4.1
10/9/2024 17:27,10/9/2024,5:27 PM,80.3,87,76.1,20,WNW,31,WNW,988.6,,0,0,-0.4,-0.3,-1.2,-2.1,-3.9
10/9/2024 17:28,10/9/2024,5:28 PM,80.2,88,76.3,15,WNW,22,WNW,988.5,,0.01,0,-0.4,-0.5,-0.8,-2.3,-3.9
10/9/2024 17:29,10/9/2024,5:29 PM,80,88,76.1,14,NW,19,NW,988.6,,0,0.31,-0.3,-0.6,-0.8,-2.2,-3.8
10/9/2024 17:30,10/9/2024,5:30 PM,79.9,88,76,15,WNW,21,W,988.5,,0.01,0.31,-0.2,-0.4,-0.8,-2.1,-4
10/9/2024 17:31,10/9/2024,5:31 PM,79.8,88,75.9,14,NW,22,WNW,988.4,,0,0.29,-0.3,-0.5,-0.8,-2.1,-4.1
10/9/2024 17:32,10/9/2024,5:32 PM,79.7,88,75.8,18,NW,27,NW,988.3,,0,0.19,-0.3,-0.7,-0.6,-2,-3.9
10/9/2024 17:33,10/9/2024,5:33 PM,79.6,88,75.7,15,NW,20,WNW,988,,0,0.15,-0.5,-0.9,-1,-2.5,-4.3
10/9/2024 17:34,10/9/2024,5:34 PM,79.6,88,75.7,19,WNW,27,NW,987.6,,0.01,0.15,-1,-1.3,-1.6,-2.9,-4.6
10/9/2024 17:35,10/9/2024,5:35 PM,79.7,88,75.8,19,WNW,24,WNW,987.7,,0,0.15,-0.8,-1,-1.2,-2.7,-4.3
10/9/2024 17:36,10/9/2024,5:36 PM,79.8,88,75.9,21,WNW,27,WNW,987.6,,0,0.15,-0.8,-1.1,-1.3,-2.8,-4.3
10/9/2024 17:37,10/9/2024,5:37 PM,79.8,88,75.9,24,WNW,32,NW,987.3,,0,0.15,-1,-1.3,-1.7,-2.9,-4.7
10/9/2024 17:38,10/9/2024,5:38 PM,79.8,88,75.9,24,WNW,45,WNW,987.1,,0,0.12,-0.9,-1.4,-1.8,-2.8,-4.8
10/9/2024 17:39,10/9/2024,5:39 PM,79.8,88,75.9,20,NW,27,NW,987.6,,0.01,0.12,0,-1,-1.3,-2.2,-3.9
10/9/2024 17:40,10/9/2024,5:40 PM,79.8,88,75.9,19,WNW,30,NW,987.3,,0.01,0.43,-0.4,-1.2,-1.4,-2.4,-3.9
10/9/2024 17:41,10/9/2024,5:41 PM,79.7,88,75.8,24,WNW,35,W,987.2,,0,0.47,-0.4,-1.2,-1.5,-2.7,-4.2
10/9/2024 17:42,10/9/2024,5:42 PM,79.7,88,75.8,16,NW,23,NW,987.1,,0.02,0.66,-0.2,-1.2,-1.5,-2.7,-4.2
10/9/2024 17:43,10/9/2024,5:43 PM,79.6,89,76.1,17,WNW,23,W,987.2,,0.01,0.66,0.1,-0.8,-1.3,-2.1,-4.2
10/9/2024 17:44,10/9/2024,5:44 PM,79.4,89,75.9,25,WNW,34,WNW,986.7,,0.02,1.34,-0.9,-0.9,-1.9,-2.7,-4.8
10/9/2024 17:45,10/9/2024,5:45 PM,79.4,89,75.9,20,WNW,28,NW,986.7,,0.03,1.64,-0.6,-1,-1.8,-2.6,-4.7
10/9/2024 17:46,10/9/2024,5:46 PM,79.4,89,75.9,22,NW,29,NW,986.2,,0,0.83,-1,-1.4,-2.2,-3,-5.2
10/9/2024 17:47,10/9/2024,5:47 PM,79.3,89,75.8,23,WNW,33,WNW,986.3,,0.02,0.83,-0.8,-1,-2,-2.6,-5.2
10/9/2024 17:48,10/9/2024,5:48 PM,79.3,89,75.8,21,WNW,29,WNW,985.8,,0,0.4,-1.4,-1.3,-2.2,-3.2,-5.8
10/9/2024 17:49,10/9/2024,5:49 PM,79.4,88,75.5,27,NW,40,WNW,986.1,,0,0.24,-0.6,-1.5,-1.5,-3.1,-5.1
10/9/2024 17:50,10/9/2024,5:50 PM,79.6,88,75.7,21,WNW,27,WNW,985.7,,0,0.18,-1,-1.6,-2,-3.2,-5.6
10/9/2024 17:51,10/9/2024,5:51 PM,79.6,88,75.7,20,NW,27,WNW,985.6,,0,0.14,-0.6,-1.6,-2,-3.3,-5.2
10/9/2024 17:52,10/9/2024,5:52 PM,79.6,87,75.4,25,NW,34,W,985.7,,0,0.11,-0.6,-1.4,-1.6,-3.3,-5.1
10/9/2024 17:53,10/9/2024,5:53 PM,79.7,87,75.5,23,NW,41,NW,985.4,,0,0.09,-0.4,-1.8,-1.7,-3.5,-5
10/9/2024 17:54,10/9/2024,5:54 PM,79.7,87,75.5,16,NW,25,NW,985.4,,0,0.08,-0.7,-1.3,-2.2,-3.5,-5.5
10/9/2024 17:55,10/9/2024,5:55 PM,79.6,87,75.4,24,NW,31,W,985.4,,0,0.07,-0.3,-1.3,-1.9,-3.3,-5.4
10/9/2024 17:56,10/9/2024,5:56 PM,79.7,87,75.5,23,NW,33,NNW,985.3,,0,0.06,-0.3,-0.9,-1.9,-3.4,-5.6
10/9/2024 17:57,10/9/2024,5:57 PM,79.7,87,75.5,24,NW,33,WNW,985.2,,0,0.06,-0.5,-1.1,-1.9,-3.4,-5.5
10/9/2024 17:58,10/9/2024,5:58 PM,79.8,86,75.2,29,NW,40,NW,985.5,,0,0.05,0.1,-0.3,-1.7,-3,-5.3
10/9/2024 17:59,10/9/2024,5:59 PM,79.9,86,75.3,25,WNW,37,NW,984.8,,0,0.05,-0.6,-1.3,-1.9,-3.8,-6
10/9/2024 18:00,10/9/2024,6:00 PM,79.9,86,75.3,25,NW,35,WNW,985,,0,0.04,-0.4,-0.7,-1.7,-3.5,-5.6
10/9/2024 18:01,10/9/2024,6:01 PM,79.9,86,75.3,23,NW,35,NW,984.5,,0,0.04,-0.8,-1.1,-1.7,-3.9,-6
10/9/2024 18:02,10/9/2024,6:02 PM,79.9,86,75.3,27,WNW,38,WNW,984.4,,0.01,0.04,-0.8,-1.3,-1.9,-3.9,-5.9
10/9/2024 18:03,10/9/2024,6:03 PM,79.9,86,75.3,26,NW,39,WNW,984.2,,0,0.04,-1.3,-1.2,-1.6,-3.8,-6.3
10/9/2024 18:04,10/9/2024,6:04 PM,79.7,87,75.5,26,NW,42,NNW,984.3,,0.01,0.35,-0.5,-1.1,-1.8,-3.3,-6.2
10/9/2024 18:05,10/9/2024,6:05 PM,79.4,87,75.2,18,NW,28,NW,984.8,,0.01,0.47,-0.2,-0.6,-0.9,-2.9,-5.6
10/9/2024 18:06,10/9/2024,6:06 PM,79.3,88,75.4,25,WNW,37,WNW,984.7,,0.02,0.94,0.2,-0.6,-0.9,-2.9,-5.7
10/9/2024 18:07,10/9/2024,6:07 PM,79.1,88,75.2,26,NW,50,NW,984.5,,0.01,1.08,0.1,-0.7,-1.2,-2.8,-5.7
10/9/2024 18:08,10/9/2024,6:08 PM,78.9,88,75,29,WNW,50,NW,984.4,,0.02,2.25,0.2,-1.1,-1,-2.7,-5.5
10/9/2024 18:09,10/9/2024,6:09 PM,78.7,89,75.2,26,WNW,36,NNW,984.7,,0.03,1.14,0.4,-0.1,-0.7,-2.9,-5.1
10/9/2024 18:10,10/9/2024,6:10 PM,78.5,90,75.3,29,NNW,44,WNW,984.8,,0.02,1.44,0,-0.2,-0.6,-2.5,-4.9
10/9/2024 18:11,10/9/2024,6:11 PM,78.4,90,75.2,23,NNW,33,NNW,984.7,,0.01,1.17,0,0.2,-0.6,-2.5,-5.2
10/9/2024 18:12,10/9/2024,6:12 PM,78.3,90,75.1,29,NW,42,NW,984.6,,0.01,0.85,0.1,0.2,-0.6,-2.5,-5.2
10/9/2024 18:13,10/9/2024,6:13 PM,78.2,90,75,26,NW,40,NW,984.6,,0,0.43,0.2,0.4,-0.9,-2.6,-4.7
10/9/2024 18:14,10/9/2024,6:14 PM,78.1,90,74.9,28,NNW,37,NNW,984.6,,0.02,0.93,-0.1,0.3,-0.2,-2.1,-4.8
10/9/2024 18:15,10/9/2024,6:15 PM,78.1,91,75.3,20,NW,26,WNW,984.5,,0,0.47,-0.3,-0.3,-0.5,-2.2,-4.8
10/9/2024 18:16,10/9/2024,6:16 PM,78,91,75.2,28,NW,44,WNW,984.5,,0.01,0.55,-0.2,-0.2,0,-1.7,-4.7
10/9/2024 18:17,10/9/2024,6:17 PM,78,91,75.2,24,WNW,37,N,984.2,,0.01,0.55,-0.4,-0.3,-0.2,-2.1,-4.7
10/9/2024 18:18,10/9/2024,6:18 PM,78,91,75.2,29,NW,43,NW,983.9,,0.01,0.48,-0.7,-0.5,-0.3,-1.9,-5.1
10/9/2024 18:19,10/9/2024,6:19 PM,77.9,91,75.1,20,NW,28,NW,983.9,,0.01,0.54,-0.7,-0.8,-0.4,-2.2,-5.3
10/9/2024 18:20,10/9/2024,6:20 PM,77.8,91,75,23,NW,49,NW,983.7,,0,0.34,-0.8,-1.1,-1.1,-2,-5.2
10/9/2024 18:21,10/9/2024,6:21 PM,77.8,91,75,25,NW,43,NW,983.8,,0.01,0.34,-0.7,-0.9,-0.9,-1.8,-5.1
10/9/2024 18:22,10/9/2024,6:22 PM,77.8,91,75,24,NW,34,NNW,983.6,,0,0.26,-0.6,-1,-0.9,-2.1,-5.4
10/9/2024 18:23,10/9/2024,6:23 PM,77.8,91,75,25,NW,37,WNW,983.5,,0.01,0.35,-0.4,-1.1,-0.9,-1.9,-5.4
10/9/2024 18:24,10/9/2024,6:24 PM,78,91,75.2,24,NW,36,NNW,983.1,,0,0.35,-0.8,-1.5,-1.6,-2.3,-5.8
10/9/2024 18:25,10/9/2024,6:25 PM,77.9,91,75.1,27,NNW,40,WNW,983.3,,0.01,0.35,-0.4,-1.2,-1.5,-2.1,-5.4
10/9/2024 18:26,10/9/2024,6:26 PM,77.8,91,75,21,NW,27,NNW,983.1,,0,0.29,-0.7,-1.4,-1.6,-2.2,-5.6
10/9/2024 18:27,10/9/2024,6:27 PM,77.8,91,75,28,WNW,33,WNW,982.6,,0,0.25,-1,-1.6,-2,-2.6,-6
10/9/2024 18:28,10/9/2024,6:28 PM,77.8,91,75,30,WNW,46,WNW,982.8,,0.01,0.25,-0.7,-1.1,-1.8,-2.7,-5.7
10/9/2024 18:29,10/9/2024,6:29 PM,77.8,91,75,30,NW,40,WNW,982.4,,0,0.2,-0.7,-1.5,-2.2,-2.4,-6.2
10/9/2024 18:30,10/9/2024,6:30 PM,77.8,91,75,20,WNW,28,WNW,982.5,,0.01,0.2,-0.8,-1.2,-2,-2.5,-6
10/9/2024 18:31,10/9/2024,6:31 PM,77.7,91,74.9,31,NW,37,WNW,982.4,,0,0.24,-0.7,-1.4,-2.1,-2.1,-6
10/9/2024 18:32,10/9/2024,6:32 PM,77.7,91,74.9,28,NW,36,NW,982.1,,0,0.24,-0.5,-1.5,-2.1,-2.3,-6.2
10/9/2024 18:33,10/9/2024,6:33 PM,77.7,91,74.9,30,NW,47,NW,981.6,,0,0.2,-1.2,-1.9,-2.3,-2.6,-6.4
10/9/2024 18:34,10/9/2024,6:34 PM,77.6,92,75.1,20,WNW,32,W,981.6,,0.01,0.2,-0.8,-1.5,-2.3,-2.7,-6
10/9/2024 18:35,10/9/2024,6:35 PM,77.6,92,75.1,27,WNW,42,NW,981.4,,0,0.15,-1.1,-1.9,-2.3,-3.4,-6.3
10/9/2024 18:36,10/9/2024,6:36 PM,77.6,92,75.1,29,NW,41,NW,981.2,,0,0.15,-1.2,-1.9,-2.6,-3.5,-6.4
10/9/2024 18:37,10/9/2024,6:37 PM,77.5,92,75,25,NW,37,NW,981.3,,0,0.15,-0.8,-1.3,-2.3,-3.2,-6
10/9/2024 18:38,10/9/2024,6:38 PM,77.6,92,75.1,26,NW,33,WNW,980.9,,0,0.15,-0.7,-1.9,-2.6,-3.5,-6.2
10/9/2024 18:39,10/9/2024,6:39 PM,77.5,92,75,29,NW,40,NW,981,,0,0.12,-0.6,-1.4,-2.1,-3.7,-6.6
10/9/2024 18:40,10/9/2024,6:40 PM,77.6,92,75.1,27,NW,37,NW,980.8,,0,0.1,-0.6,-1.7,-2.5,-4,-6.5
10/9/2024 18:41,10/9/2024,6:41 PM,77.5,92,75,26,WNW,34,WNW,980.7,,0,0.09,-0.5,-1.7,-2.4,-4,-6.5
10/9/2024 18:42,10/9/2024,6:42 PM,77.5,92,75,19,NW,27,NW,980.7,,0.01,0.09,-0.6,-1.4,-1.9,-3.9,-6.4
10/9/2024 18:43,10/9/2024,6:43 PM,77.6,92,75.1,30,NW,46,NW,980.7,,0,0.09,-0.2,-0.9,-2.1,-3.9,-6.5
10/9/2024 18:44,10/9/2024,6:44 PM,77.8,92,75.3,32,WNW,47,WNW,980.7,,0,0.09,-0.3,-0.9,-1.7,-3.9,-6
10/9/2024 18:45,10/9/2024,6:45 PM,77.8,92,75.3,23,NW,46,W,979.5,,0,0.09,-1.3,-1.9,-3,-5,-7.2
10/9/2024 18:46,10/9/2024,6:46 PM,77.7,92,75.2,22,NW,33,N,979.8,,0,0.09,-0.9,-1.4,-2.6,-4.7,-6.4
10/9/2024 18:47,10/9/2024,6:47 PM,77.8,92,75.3,31,NW,40,NW,979.5,,0,0.09,-1.2,-1.8,-2.6,-4.7,-6.8
10/9/2024 18:48,10/9/2024,6:48 PM,77.9,91,75.1,28,WNW,38,N,979.3,,0,0.08,-1.4,-1.6,-2.3,-4.6,-6.5
10/9/2024 18:49,10/9/2024,6:49 PM,78,91,75.2,31,WNW,56,WNW,979.1,,0,0.07,-1.6,-1.9,-2.5,-4.8,-7
10/9/2024 18:50,10/9/2024,6:50 PM,78,91,75.2,31,NW,51,W,979.1,,0,0.06,-0.4,-1.7,-2.3,-4.6,-6.6
10/9/2024 18:51,10/9/2024,6:51 PM,78,91,75.2,29,WNW,40,WNW,978.6,,0,0.06,-1.2,-2.1,-2.6,-5.2,-7
10/9/2024 18:52,10/9/2024,6:52 PM,78,91,75.2,30,WNW,37,WNW,978.6,,0,0.05,-0.9,-2.1,-2.7,-5,-7.1
10/9/2024 18:53,10/9/2024,6:53 PM,78,91,75.2,30,WNW,41,WNW,978.4,,0,0.05,-0.9,-2.3,-2.5,-5.1,-7
10/9/2024 18:54,10/9/2024,6:54 PM,78,90,74.8,34,NW,43,NW,977.9,,0,0.05,-1.2,-2.8,-3.1,-5.2,-7.5
10/9/2024 18:55,10/9/2024,6:55 PM,78,91,75.2,29,NW,38,NW,977.7,,0,0.04,-1.4,-1.8,-3.1,-5.6,-7.7
10/9/2024 18:56,10/9/2024,6:56 PM,78,90,74.8,29,NNW,45,W,978.2,,0,0.04,-0.4,-1.6,-2.5,-4.9,-7.1
10/9/2024 18:57,10/9/2024,6:57 PM,78,90,74.8,30,WNW,52,WNW,977.6,,0,0.04,-1,-1.9,-3.1,-5,-7.6
10/9/2024 18:58,10/9/2024,6:58 PM,78.1,90,74.9,28,WNW,46,WNW,977,,0,0,-1.4,-2.3,-3.7,-5.8,-8.5
10/9/2024 18:59,10/9/2024,6:59 PM,78,90,74.8,31,WNW,44,WNW,976.8,,0,0,-1.1,-2.3,-3.9,-5.6,-8
10/9/2024 19:00,10/9/2024,7:00 PM,78.2,89,74.7,31,WNW,41,WNW,977,,0,0,-0.7,-2.1,-2.5,-5.5,-8
10/9/2024 19:01,10/9/2024,7:01 PM,78.3,90,75.1,32,WNW,47,WNW,976.7,,0,0,-1.5,-1.9,-3.1,-5.7,-7.8
10/9/2024 19:02,10/9/2024,7:02 PM,78.4,90,75.2,38,NW,55,WNW,976.2,,0,0,-1.4,-2.4,-3.3,-5.9,-8.2
10/9/2024 19:03,10/9/2024,7:03 PM,78.4,89,74.9,33,WNW,50,WNW,976.2,,0,0,-0.8,-2.2,-3.1,-5.4,-8
10/9/2024 19:04,10/9/2024,7:04 PM,78.4,89,74.9,33,WNW,43,WNW,975.4,,0,0,-1.4,-2.5,-3.7,-6.2,-8.9
10/9/2024 19:05,10/9/2024,7:05 PM,78.4,88,74.5,36,WNW,49,WNW,975.4,,0,0,-1.6,-2.3,-3.7,-6,-9.4
10/9/2024 19:06,10/9/2024,7:06 PM,78.5,88,74.6,36,NNW,45,NW,974.6,,0,0,-2.1,-3.6,-4,-6.6,-10.1
10/9/2024 19:07,10/9/2024,7:07 PM,78.5,88,74.6,32,WNW,54,NW,974.3,,0,0,-1.9,-3.3,-4.3,-7,-10.2
10/9/2024 19:08,10/9/2024,7:08 PM,78.5,89,75,33,WNW,48,W,973.7,,0,0,-2.5,-3.3,-4.7,-7.2,-10.7
10/9/2024 19:09,10/9/2024,7:09 PM,78.4,89,74.9,35,WNW,51,WNW,973.7,,0,0,-1.7,-3.1,-4.2,-7.3,-11
10/9/2024 19:10,10/9/2024,7:10 PM,78.4,89,74.9,37,W,50,W,973,,0,0,-2.4,-4,-4.7,-7.8,-11.8
10/9/2024 19:11,10/9/2024,7:11 PM,78.4,89,74.9,34,WNW,64,NW,973.2,,0,0,-1.4,-3.5,-5,-7.5,-11.5
10/9/2024 19:12,10/9/2024,7:12 PM,78.4,89,74.9,36,WNW,50,WNW,973,,0,0,-1.3,-3.2,-4.6,-7.7,-11.6
10/9/2024 19:13,10/9/2024,7:13 PM,78.4,88,74.5,35,WNW,48,WNW,973.2,,0,0,-0.5,-3,-3.8,-7.5,-11.4
10/9/2024 19:14,10/9/2024,7:14 PM,78.3,88,74.5,31,WNW,46,WNW,972.9,,0,0,-0.8,-2.5,-3.9,-7.8,-11.7
10/9/2024 19:15,10/9/2024,7:15 PM,78.3,88,74.5,28,WNW,37,WNW,973,,0,0,0,-2.4,-4,-6.5,-11.5
10/9/2024 19:16,10/9/2024,7:16 PM,78.2,88,74.4,32,WNW,50,WNW,972.9,,0,0,-0.3,-1.7,-3.8,-6.9,-11.6
10/9/2024 19:17,10/9/2024,7:17 PM,78.3,88,74.5,33,WNW,50,NW,972.7,,0,0,-0.3,-1.6,-3.5,-6.8,-11.5
10/9/2024 19:18,10/9/2024,7:18 PM,78.2,88,74.4,33,WNW,50,NW,972.3,,0,0,-0.9,-1.4,-3.9,-7,-11.6
10/9/2024 19:19,10/9/2024,7:19 PM,78.3,88,74.5,43,WNW,52,NW,972.2,,0,0,-0.7,-1.5,-3.2,-6.9,-11.7
10/9/2024 19:20,10/9/2024,7:20 PM,78.4,88,74.5,36,WNW,60,NNW,972,,0,0,-1,-1,-3.4,-7.1,-11.7
10/9/2024 19:21,10/9/2024,7:21 PM,78.4,87,74.2,35,NW,45,W,972,,0,0,-0.9,-1.2,-2.6,-6.6,-11.8
10/9/2024 19:22,10/9/2024,7:22 PM,78.4,87,74.2,34,WNW,45,N,971.4,,0,0,-1.3,-1.6,-2.9,-7.2,-12.2
10/9/2024 19:23,10/9/2024,7:23 PM,78.3,87,74.1,36,NW,48,WNW,970.7,,0,0,-1.6,-2.5,-3,-7.7,-12.8
10/9/2024 19:24,10/9/2024,7:24 PM,78.4,87,74.2,41,WNW,55,NW,970.1,,0,0,-2.1,-2.8,-3.6,-7.8,-13
10/9/2024 19:25,10/9/2024,7:25 PM,78.3,87,74.1,35,WNW,45,NW,970.1,,0,0,-1.9,-2.9,-2.9,-7.6,-13.2
10/9/2024 19:26,10/9/2024,7:26 PM,78.1,87,73.9,39,WNW,54,WNW,969.8,,0,0,-2.2,-3.1,-3.4,-8.4,-13.3
10/9/2024 19:27,10/9/2024,7:27 PM,78,87,73.8,34,NW,47,NNW,969.3,,0,0,-2.1,-3.4,-3.7,-8.3,-13.3
10/9/2024 19:28,10/9/2024,7:28 PM,77.8,89,74.3,44,WNW,56,WNW,969,,0,0,-1.7,-3.3,-4.2,-8,-13.8
10/9/2024 19:29,10/9/2024,7:29 PM,77.7,89,74.2,36,WNW,56,NW,969.4,,0,0,-0.7,-2.8,-3.5,-7.4,-13
10/9/2024 19:30,10/9/2024,7:30 PM,77.6,89,74.1,40,NW,65,WNW,969.1,,0,0,-1,-2.9,-3.9,-7.9,-13.4
10/9/2024 19:31,10/9/2024,7:31 PM,77.5,89,74,41,NW,68,NW,969.3,,0,0,-0.5,-2.7,-3.6,-7.4,-13.1
10/9/2024 19:32,10/9/2024,7:32 PM,77.6,90,74.4,32,WNW,48,WNW,969.3,,0,0,0,-2.1,-3.4,-6.9,-12.8
10/9/2024 19:33,10/9/2024,7:33 PM,77.4,90,74.2,36,W,68,WNW,968.7,,0,0,-0.3,-2,-3.6,-7.5,-12.9
10/9/2024 19:34,10/9/2024,7:34 PM,77.4,90,74.2,32,WNW,46,NNW,969,,0,0,-0.4,-1.1,-3.2,-6.4,-12.6
10/9/2024 19:35,10/9/2024,7:35 PM,77.3,90,74.1,35,WNW,46,NNW,968.7,,0,0,-0.4,-1.4,-3.3,-6.7,-12.7
10/9/2024 19:36,10/9/2024,7:36 PM,77.3,90,74.1,34,NW,46,NW,969,,0,0,-0.3,-0.8,-3,-5.6,-12.2
10/9/2024 19:37,10/9/2024,7:37 PM,77.3,90,74.1,37,NW,46,WNW,968.6,,0,0,-0.7,-0.7,-2.8,-5.7,-12.7
10/9/2024 19:38,10/9/2024,7:38 PM,77.2,90,74,33,WNW,48,NNW,968.3,,0,0,-0.4,-0.7,-2.4,-5.4,-12.6
10/9/2024 19:39,10/9/2024,7:39 PM,77.2,90,74,30,WNW,41,WNW,968,,0,0,-1,-1.4,-2.1,-5.7,-13
10/9/2024 19:40,10/9/2024,7:40 PM,77.1,90,73.9,35,NW,48,NW,967.8,,0,0,-0.9,-1.3,-2.3,-5.2,-13
10/9/2024 19:41,10/9/2024,7:41 PM,77.1,91,74.3,33,WNW,47,NW,967.5,,0,0,-1.5,-1.8,-2.3,-5.7,-13.2
10/9/2024 19:42,10/9/2024,7:42 PM,77.2,91,74.4,33,WNW,57,WNW,967.8,,0,0,-0.8,-1.5,-1.5,-5.2,-12.9
10/9/2024 19:43,10/9/2024,7:43 PM,77.1,91,74.3,26,WNW,38,WNW,967.8,,0,0,-0.5,-0.9,-1.2,-5.4,-12.9
10/9/2024 19:44,10/9/2024,7:44 PM,77,91,74.2,27,WNW,47,WNW,967.8,,0,0,-0.2,-1.2,-1.6,-5.1,-12.9
10/9/2024 19:45,10/9/2024,7:45 PM,77.1,91,74.3,35,NW,46,NNW,967.5,,0,0,-0.3,-1.2,-1.6,-5.5,-12
10/9/2024 19:46,10/9/2024,7:46 PM,77.1,91,74.3,30,WNW,47,WNW,967.3,,0,0,-0.2,-1.7,-2,-5.6,-12.5
10/9/2024 19:47,10/9/2024,7:47 PM,77.2,91,74.4,36,WNW,56,NNW,966.9,,0,0,-0.9,-1.7,-2.4,-5.8,-12.6
10/9/2024 19:48,10/9/2024,7:48 PM,77.3,91,74.5,30,WNW,40,NW,966.7,,0,0,-1.1,-1.6,-2,-5.6,-12.6
10/9/2024 19:49,10/9/2024,7:49 PM,77.3,91,74.5,29,NW,49,NW,966,,0,0,-1.8,-2,-3,-6.2,-13.1
10/9/2024 19:50,10/9/2024,7:50 PM,77.4,91,74.6,28,WNW,50,WNW,966,,0,0,-1.5,-1.8,-2.7,-6,-13.1
10/9/2024 19:51,10/9/2024,7:51 PM,77.5,91,74.7,27,WNW,49,WNW,965,,0,0,-2.3,-2.5,-4,-7,-13.6
10/9/2024 19:52,10/9/2024,7:52 PM,77.6,90,74.4,35,WNW,46,WNW,965,,0,0,-1.9,-2.8,-3.6,-6.4,-13.6
10/9/2024 19:53,10/9/2024,7:53 PM,77.7,90,74.5,26,WNW,51,WNW,964.6,,0,0,-2.1,-3.2,-3.7,-6.1,-13.8
10/9/2024 19:54,10/9/2024,7:54 PM,77.8,90,74.6,31,NW,43,N,964.4,,0,0,-1.6,-3.4,-3.6,-5.7,-13.5
10/9/2024 19:55,10/9/2024,7:55 PM,77.8,90,74.6,28,NW,43,NNW,964.4,,0,0,-1.6,-3.1,-3.4,-5.7,-13.3
10/9/2024 19:56,10/9/2024,7:56 PM,77.9,90,74.7,29,WNW,46,WNW,964.1,,0,0,-0.9,-3.2,-3.4,-5.7,-14.1
10/9/2024 19:57,10/9/2024,7:57 PM,78,90,74.8,32,NW,49,WNW,963.9,,0,0,-1.1,-3,-3.9,-5.4,-13.7
10/9/2024 19:58,10/9/2024,7:58 PM,78,90,74.8,25,NW,39,WNW,964.1,,0,0,-0.5,-2.6,-3.7,-4.9,-12.9
10/9/2024 19:59,10/9/2024,7:59 PM,78.1,89,74.6,41,WNW,56,NNW,963.7,,0,0,-0.7,-2.3,-4.1,-5.7,-13.1
10/9/2024 20:00,10/9/2024,8:00 PM,78.1,90,74.9,24,NW,32,W,964,,0,0,-0.4,-2,-3.5,-5.1,-13
10/9/2024 20:01,10/9/2024,8:01 PM,78.1,89,74.6,22,NW,34,WNW,964.1,,0,0,0,-0.9,-3.2,-5.2,-12.6
10/9/2024 20:02,10/9/2024,8:02 PM,78.3,89,74.8,27,NW,41,WNW,964.1,,0,0,0.2,-0.9,-2.8,-5.2,-12.1
10/9/2024 20:03,10/9/2024,8:03 PM,78.3,90,75.1,28,NW,55,NW,964.1,,0,0,0,-0.5,-2.6,-4.6,-12.1
10/9/2024 20:04,10/9/2024,8:04 PM,78.5,89,75,23,WNW,46,WNW,964,,0,0,0.3,-0.4,-2,-5,-11.4
10/9/2024 20:05,10/9/2024,8:05 PM,78.5,89,75,26,WNW,41,NW,963.9,,0,0,-0.1,-0.5,-2.1,-4.8,-11.5
10/9/2024 20:06,10/9/2024,8:06 PM,78.6,89,75.1,23,WNW,31,NNW,963.9,,0,0,-0.2,-0.2,-1.1,-5.1,-10.7
10/9/2024 20:07,10/9/2024,8:07 PM,78.5,89,75,23,NW,31,NW,963.3,,0,0,-0.8,-0.6,-1.7,-5.3,-11
10/9/2024 20:08,10/9/2024,8:08 PM,78.5,89,75,27,NW,44,WNW,963.3,,0,0,-0.8,-0.8,-1.3,-5,-10.4
10/9/2024 20:09,10/9/2024,8:09 PM,78.5,90,75.3,17,WNW,34,NW,962.9,,0,0,-1.1,-0.8,-1.5,-5.1,-10.8
10/9/2024 20:10,10/9/2024,8:10 PM,78.5,90,75.3,19,NW,34,WNW,962.4,,0,0,-1.5,-1.6,-2,-5.4,-10.6
10/9/2024 20:11,10/9/2024,8:11 PM,78.5,90,75.3,19,NW,32,NW,962.6,,0,0,-1.3,-1.5,-1.5,-4.9,-10.6
10/9/2024 20:12,10/9/2024,8:12 PM,78.6,90,75.4,20,WNW,43,N,962.3,,0,0,-1,-1.8,-1.6,-5.5,-10.7
10/9/2024 20:13,10/9/2024,8:13 PM,78.7,90,75.5,18,N,26,WNW,962.4,,0,0,-0.9,-1.7,-1.7,-5.4,-10.8
10/9/2024 20:14,10/9/2024,8:14 PM,78.8,90,75.6,17,NW,27,NW,962.4,,0,0,-0.5,-1.6,-1.3,-5.4,-10.5
10/9/2024 20:15,10/9/2024,8:15 PM,78.8,91,75.9,19,NW,39,NW,962.5,,0,0,0.1,-1.4,-1.5,-5,-10.5
10/9/2024 20:16,10/9/2024,8:16 PM,79,91,76.1,19,NW,28,NNW,962.1,,0,0,-0.5,-1.8,-2,-5.2,-10.8
10/9/2024 20:17,10/9/2024,8:17 PM,79.1,91,76.2,18,NW,27,NW,961.8,,0,0,-0.5,-1.5,-2.3,-5.1,-10.9
10/9/2024 20:18,10/9/2024,8:18 PM,79.1,91,76.2,17,WNW,23,NNW,961.8,,0,0,-0.6,-1.5,-2.3,-4.9,-10.5
10/9/2024 20:19,10/9/2024,8:19 PM,79.1,91,76.2,17,NW,24,NW,962.1,,0,0,-0.3,-0.8,-1.9,-3.9,-10.1
10/9/2024 20:20,10/9/2024,8:20 PM,79.2,91,76.3,19,NW,25,WNW,962.2,,0,0,-0.3,-0.2,-1.7,-3.8,-9.8
10/9/2024 20:21,10/9/2024,8:21 PM,79.3,91,76.4,17,WNW,24,NW,961.7,,0,0,-0.4,-0.9,-2.2,-3.3,-10.3
10/9/2024 20:22,10/9/2024,8:22 PM,79.3,91,76.4,14,NW,20,NW,961.8,,0,0,0,-0.5,-1.5,-3.2,-9.6
10/9/2024 20:23,10/9/2024,8:23 PM,79.4,91,76.5,10,NNW,17,NNE,961.9,,0,0,0.1,-0.5,-1.4,-2.7,-8.8
10/9/2024 20:24,10/9/2024,8:24 PM,79.5,92,77,13,N,25,NNW,962,,0,0,-0.1,-0.4,-0.9,-2.4,-8.1
10/9/2024 20:25,10/9/2024,8:25 PM,79.6,92,77.1,15,NW,20,NNW,961.8,,0,0,-0.4,-0.7,-0.6,-2.6,-8.3
10/9/2024 20:26,10/9/2024,8:26 PM,79.8,92,77.3,7,NW,14,W,961.8,,0,0,0.1,-0.3,-0.8,-2.3,-8
10/9/2024 20:27,10/9/2024,8:27 PM,79.9,92,77.4,8,NW,14,NW,961.8,,0,0,0,0,-0.5,-2.1,-7.5
10/9/2024 20:28,10/9/2024,8:28 PM,80,92,77.5,9,NNW,15,NNW,961.7,,0,0,-0.2,-0.1,-0.7,-2.4,-7.3
10/9/2024 20:29,10/9/2024,8:29 PM,80.2,92,77.7,13,NNW,20,NNW,961.6,,0,0,-0.4,-0.5,-0.8,-2.1,-7.8
10/9/2024 20:30,10/9/2024,8:30 PM,80.3,92,77.8,10,NNW,17,N,961.7,,0,0,-0.1,-0.5,-0.8,-2.3,-7.4
10/9/2024 20:31,10/9/2024,8:31 PM,80.5,92,78,8,N,13,N,961.7,,0,0,-0.1,0,-0.4,-2.4,-7.6
10/9/2024 20:32,10/9/2024,8:32 PM,80.7,92,78.2,6,N,10,NNW,961.7,,0,0,-0.1,-0.1,-0.1,-2.4,-7.6
10/9/2024 20:33,10/9/2024,8:33 PM,80.8,92,78.3,6,N,13,NNE,961.8,,0,0,0.1,-0.1,0,-2.3,-6.9
10/9/2024 20:34,10/9/2024,8:34 PM,81,93,78.8,6,NW,11,NNW,961.4,,0,0,-0.2,-0.6,-0.7,-2.6,-7.6
10/9/2024 20:35,10/9/2024,8:35 PM,81.1,93,78.9,6,NNE,16,NW,961.5,,0,0,-0.2,-0.3,-0.7,-2.4,-7.2
10/9/2024 20:36,10/9/2024,8:36 PM,81.3,93,79.1,7,NE,13,ENE,961.7,,0,0,0,-0.1,0,-2.2,-7.3
10/9/2024 20:37,10/9/2024,8:37 PM,81.5,93,79.3,7,N,13,NE,961.8,,0,0,0.1,0,0,-1.5,-6.8
10/9/2024 20:38,10/9/2024,8:38 PM,81.7,93,79.5,7,NE,14,NE,961.8,,0,0,0,0.1,-0.1,-1.5,-6.5
10/9/2024 20:39,10/9/2024,8:39 PM,81.8,93,79.6,8,NE,11,ENE,962,,0,0,0.6,0.4,0,-0.9,-6
10/9/2024 20:40,10/9/2024,8:40 PM,81.9,92,79.3,6,N,11,NNW,962.1,,0,0,0.6,0.4,0.3,-0.3,-5.7
10/9/2024 20:41,10/9/2024,8:41 PM,82.1,92,79.5,6,NE,14,NNW,962.1,,0,0,0.4,0.4,0.3,-0.5,-5.4
10/9/2024 20:42,10/9/2024,8:42 PM,82.1,92,79.5,5,ENE,9,ENE,962.2,,0,0,0.4,0.5,0.4,-0.1,-5.6
10/9/2024 20:43,10/9/2024,8:43 PM,82.2,92,79.6,7,NE,12,NE,962.2,,0,0,0.4,0.4,0.5,-0.2,-5.6
10/9/2024 20:44,10/9/2024,8:44 PM,82.3,92,79.7,7,NNE,11,NNE,962.2,,0,0,0.2,0.8,0.6,-0.2,-5.6
10/9/2024 20:45,10/9/2024,8:45 PM,82.5,92,79.9,6,NNE,10,N,962.3,,0,0,0.2,0.8,0.6,-0.2,-5.2
10/9/2024 20:46,10/9/2024,8:46 PM,82.5,92,79.9,5,NNE,8,E,962.6,,0,0,0.5,0.9,0.9,0.5,-4.7
10/9/2024 20:47,10/9/2024,8:47 PM,82.5,92,79.9,2,NE,3,ENE,962.6,,0,0,0.4,0.8,0.9,0.8,-4.3
10/9/2024 20:48,10/9/2024,8:48 PM,82.6,91,79.7,4,ENE,6,ENE,962.5,,0,0,0.3,0.7,0.7,0.7,-4.2
10/9/2024 20:49,10/9/2024,8:49 PM,82.6,91,79.7,2,NNE,3,NE,962.6,,0,0,0.4,0.6,1.2,0.5,-3.4
10/9/2024 20:50,10/9/2024,8:50 PM,82.6,91,79.7,4,N,8,NNW,962.8,,0,0,0.5,0.7,1.3,0.6,-3.2
10/9/2024 20:51,10/9/2024,8:51 PM,82.6,91,79.7,1,NE,3,NNE,963,,0,0,0.4,0.9,1.3,1.3,-2
10/9/2024 20:52,10/9/2024,8:52 PM,82.6,91,79.7,3,ENE,6,E,963,,0,0,0.4,0.8,1.2,1.2,-2
10/9/2024 20:53,10/9/2024,8:53 PM,82.6,91,79.7,3,NE,4,ENE,963.2,,0,0,0.7,1,1.4,1.3,-1.4
10/9/2024 20:54,10/9/2024,8:54 PM,82.5,91,79.6,3,NE,6,NE,963.3,,0,0,0.7,1.1,1.3,1.3,-1.1
10/9/2024 20:55,10/9/2024,8:55 PM,82.6,91,79.7,6,NE,8,ENE,963.2,,0,0,0.4,0.9,1.1,1.4,-1.2
10/9/2024 20:56,10/9/2024,8:56 PM,82.6,91,79.7,4,ENE,6,NE,963.2,,0,0,0.2,0.6,1.1,1.4,-0.9
10/9/2024 20:57,10/9/2024,8:57 PM,82.6,91,79.7,3,ENE,5,ENE,963.3,,0,0,0.3,0.7,1.1,1.5,-0.6
10/9/2024 20:58,10/9/2024,8:58 PM,82.6,91,79.7,5,ENE,7,E,963.5,,0,0,0.3,1,1.3,1.8,-0.6
10/9/2024 20:59,10/9/2024,8:59 PM,82.6,91,79.7,4,ENE,5,ENE,963.5,,0,0,0.2,0.9,1.3,1.9,-0.2
10/9/2024 21:00,10/9/2024,9:00 PM,82.7,91,79.8,2,ENE,5,ENE,963.6,,0,0,0.4,0.8,1.3,1.9,-0.4
10/9/2024 21:01,10/9/2024,9:01 PM,82.7,91,79.8,4,E,9,E,963.5,,0,0,0.3,0.5,0.9,1.8,-0.6
10/9/2024 21:02,10/9/2024,9:02 PM,82.7,91,79.8,3,ENE,5,ENE,963.6,,0,0,0.3,0.6,1,1.9,-0.5
10/9/2024 21:03,10/9/2024,9:03 PM,82.8,91,79.9,5,ENE,8,E,963.7,,0,0,0.2,0.5,1.2,1.9,-0.4
10/9/2024 21:04,10/9/2024,9:04 PM,82.8,91,79.9,11,E,15,E,963.9,,0,0,0.4,0.6,1.3,2.5,-0.1
10/9/2024 21:05,10/9/2024,9:05 PM,83,91,80.1,11,ENE,15,ENE,964,,0,0,0.4,0.8,1.2,2.5,0.1
10/9/2024 21:06,10/9/2024,9:06 PM,83,91,80.1,12,E,17,E,963.9,,0,0,0.4,0.7,0.9,2.2,0
10/9/2024 21:07,10/9/2024,9:07 PM,82.9,91,80,13,ENE,16,E,964,,0,0,0.4,0.7,1,2.2,0.7
10/9/2024 21:08,10/9/2024,9:08 PM,82.8,91,79.9,12,E,15,ESE,964.2,,0,0,0.5,0.7,1,2.4,0.9
10/9/2024 21:09,10/9/2024,9:09 PM,82.6,89,79,14,E,19,ENE,964.5,,0,0,0.6,1,1.2,2.5,1.6
10/9/2024 21:10,10/9/2024,9:10 PM,82.3,89,78.7,15,E,20,ESE,964.9,,0,0,0.9,1.3,1.7,2.8,2.5
10/9/2024 21:11,10/9/2024,9:11 PM,82.1,89,78.5,18,W,38,W,965,,0,0,1.1,1.5,1.8,2.9,2.4
10/9/2024 21:12,10/9/2024,9:12 PM,81.6,87,77.4,18,ESE,36,ESE,964.7,,0,0,0.7,1.1,1.4,2.5,2.4
10/9/2024 21:13,10/9/2024,9:13 PM,81.2,87,77,17,ESE,27,ESE,965,,0,0,0.8,1.3,1.5,2.8,2.6
10/9/2024 21:14,10/9/2024,9:14 PM,80.6,87,76.4,24,ESE,35,ESE,965.4,,0,0,0.9,1.5,1.9,3.2,3
10/9/2024 21:15,10/9/2024,9:15 PM,80,87,75.8,19,ESE,32,ESE,965.6,,0,0,0.7,1.6,2,3.3,3.1
10/9/2024 21:16,10/9/2024,9:16 PM,79.7,88,75.8,18,ESE,27,ESE,965.6,,0,0,0.6,1.7,2.1,3,3.5
10/9/2024 21:17,10/9/2024,9:17 PM,79.4,87,75.2,21,ESE,35,E,965.7,,0,0,1,1.7,2.1,3.1,3.9
10/9/2024 21:18,10/9/2024,9:18 PM,79.2,88,75.3,16,ESE,22,ESE,965.9,,0,0,0.9,1.7,2.2,3.4,4.1
10/9/2024 21:19,10/9/2024,9:19 PM,79,88,75.1,14,E,26,E,966.1,,0,0,0.7,1.6,2.2,3.5,4
10/9/2024 21:20,10/9/2024,9:20 PM,78.8,88,74.9,15,E,20,ESE,966.2,,0,0,0.6,1.3,2.2,3.4,4
10/9/2024 21:21,10/9/2024,9:21 PM,78.7,88,74.8,13,ESE,22,SE,966.3,,0,0,0.7,1.3,2.4,3.3,4.6
10/9/2024 21:22,10/9/2024,9:22 PM,78.5,88,74.6,21,ESE,28,ESE,966.2,,0,0,0.5,1.5,2.2,3.2,4.4
10/9/2024 21:23,10/9/2024,9:23 PM,78.4,88,74.5,22,ESE,33,E,966.3,,0,0,0.4,1.3,2.1,3.1,4.4
10/9/2024 21:24,10/9/2024,9:24 PM,78.4,88,74.5,19,ESE,36,SSE,966.9,,0,0,0.8,1.5,2.4,3.6,4.9
10/9/2024 21:25,10/9/2024,9:25 PM,78.3,88,74.5,25,ESE,31,ESE,967.3,,0,0,1.1,1.7,2.4,4.1,5.5
10/9/2024 21:26,10/9/2024,9:26 PM,78.2,88,74.4,29,ESE,40,E,967.4,,0,0,1.1,1.8,2.4,4.2,5.6
10/9/2024 21:27,10/9/2024,9:27 PM,78,88,74.2,29,ESE,41,ESE,967.6,,0,0,1.4,1.9,2.9,4.3,5.8
10/9/2024 21:28,10/9/2024,9:28 PM,77.8,88,74,27,ESE,38,SE,967.8,,0,0,1.5,1.9,2.8,4.3,6.1
10/9/2024 21:29,10/9/2024,9:29 PM,77.7,89,74.2,23,ESE,31,ESE,968.3,,0,0,1.4,2.2,2.9,4.8,6.7
10/9/2024 21:30,10/9/2024,9:30 PM,77.6,89,74.1,23,ESE,33,SE,968.7,,0,0,1.4,2.5,3.1,5.1,7
10/9/2024 21:31,10/9/2024,9:31 PM,77.5,89,74,24,ESE,38,ESE,968.9,,0,0,1.5,2.6,3.3,5.4,7.2
10/9/2024 21:32,10/9/2024,9:32 PM,77.4,89,73.9,25,ESE,39,SE,969.1,,0,0,1.5,2.9,3.4,5.5,7.4
10/9/2024 21:33,10/9/2024,9:33 PM,77.1,87,72.9,27,ESE,40,ESE,969.6,,0,0,1.8,3.3,3.7,5.9,7.8
10/9/2024 21:34,10/9/2024,9:34 PM,76.9,87,72.7,30,SE,42,SE,969.7,,0,0,1.4,2.8,3.6,5.8,8.3
10/9/2024 21:35,10/9/2024,9:35 PM,76.6,87,72.4,31,ESE,38,ESE,970,,0,0,1.3,2.7,3.8,6,8.5
10/9/2024 21:36,10/9/2024,9:36 PM,76.3,87,72.1,24,SE,35,SE,969.9,,0,0,1,2.5,3.6,6,8.2
10/9/2024 21:37,10/9/2024,9:37 PM,76,87,71.8,27,ESE,42,ESE,970.2,,0,0,1.1,2.6,4,6.2,8.4
10/9/2024 21:38,10/9/2024,9:38 PM,75.6,87,71.5,30,SE,45,SE,970.6,,0,0,1,2.8,4.3,6.4,8.8
10/9/2024 21:39,10/9/2024,9:39 PM,75.3,87,71.2,25,ESE,34,ESE,970.8,,0,0,1.1,2.5,3.9,6.3,8.8
10/9/2024 21:40,10/9/2024,9:40 PM,75,87,70.9,34,ESE,49,ESE,971.4,,0,0,1.4,2.7,4.1,6.5,9.3
10/9/2024 21:41,10/9/2024,9:41 PM,74.9,87,70.8,28,ESE,47,SE,971.8,,0,0,1.9,2.9,4.4,6.8,9.7
10/9/2024 21:42,10/9/2024,9:42 PM,74.7,87,70.6,35,ESE,47,SE,972.1,,0,0,1.9,3,4.5,7.4,9.9
10/9/2024 21:43,10/9/2024,9:43 PM,74.5,88,70.7,29,ESE,38,WSW,972.1,,0,0,1.5,2.5,4.3,7.1,9.9
10/9/2024 21:44,10/9/2024,9:44 PM,74.2,88,70.4,31,ESE,41,SSE,972.4,,0,0,1.6,2.7,4.1,7,10.2
10/9/2024 21:45,10/9/2024,9:45 PM,74,88,70.2,29,ESE,51,E,972.3,,0,0,0.9,2.3,3.6,6.7,10
10/9/2024 21:46,10/9/2024,9:46 PM,74,88,70.2,34,ESE,53,E,972.5,,0,0,0.7,2.6,3.6,6.9,9.9
10/9/2024 21:47,10/9/2024,9:47 PM,73.9,88,70.1,31,SSW,49,SE,972.8,,0,0,0.7,2.6,3.7,7.1,10.2
10/9/2024 21:48,10/9/2024,9:48 PM,73.9,88,70.1,32,ESE,49,SE,973,,0,0,0.9,2.4,3.4,7.1,10.5
10/9/2024 21:49,10/9/2024,9:49 PM,73.7,88,69.9,30,SE,50,SE,973.6,,0,0,1.2,2.8,3.9,7.5,11
10/9/2024 21:50,10/9/2024,9:50 PM,73.7,88,69.9,29,SE,54,ESE,973.6,,0,0,1.3,2.2,3.6,7.4,10.8
10/9/2024 21:51,10/9/2024,9:51 PM,73.5,88,69.7,30,SE,54,ESE,973.6,,0,0,1.1,1.8,3.7,7.3,10.6
10/9/2024 21:52,10/9/2024,9:52 PM,73.4,88,69.6,19,SE,30,SSE,974.9,,0,0,2.1,2.8,4.7,8.7,11.9
10/9/2024 21:53,10/9/2024,9:53 PM,73.3,88,69.5,32,E,46,E,975.1,,0,0,2.1,3,4.5,8.8,11.9
10/9/2024 21:54,10/9/2024,9:54 PM,73.3,88,69.5,33,SE,52,E,975.5,,0,0,1.9,3.1,4.7,8.6,12.2
10/9/2024 21:55,10/9/2024,9:55 PM,73.2,89,69.8,25,SE,48,E,975.5,,0,0,1.9,3.2,4.1,8.2,12.3
10/9/2024 21:56,10/9/2024,9:56 PM,73.1,89,69.7,37,E,52,E,976,,0,0,2.4,3.5,4.2,8.6,12.8
10/9/2024 21:57,10/9/2024,9:57 PM,73.1,89,69.7,29,ESE,41,SE,976.5,,0,0,1.6,3.7,4.4,8.9,13.2
10/9/2024 21:58,10/9/2024,9:58 PM,73,89,69.6,36,ESE,55,E,976.4,,0,0,1.3,3.4,4.3,8.6,12.9
10/9/2024 21:59,10/9/2024,9:59 PM,73,89,69.6,27,ESE,42,SE,976.7,,0,0,1.2,3.1,4.3,8.4,13.2
10/9/2024 22:00,10/9/2024,10:00 PM,73,89,69.6,31,E,44,SE,976.7,,0,0,1.2,3.1,4.4,8,13.1
10/9/2024 22:01,10/9/2024,10:01 PM,73,89,69.6,32,ESE,56,SE,977.3,,0,0,1.3,3.7,4.8,8.4,13.8
10/9/2024 22:02,10/9/2024,10:02 PM,73,89,69.6,38,ESE,51,SSE,977.3,,0,0,0.8,2.4,4.5,8.2,13.7
10/9/2024 22:03,10/9/2024,10:03 PM,72.9,89,69.5,30,SE,51,SSE,977,,0,0,0.6,1.9,4,7.4,13.3
10/9/2024 22:04,10/9/2024,10:04 PM,72.8,89,69.4,36,ESE,53,ESE,977,,0,0,0.3,1.5,3.4,7.3,13.1
10/9/2024 22:05,10/9/2024,10:05 PM,72.7,89,69.3,23,ESE,46,SE,977.8,,0,0,1.1,2.3,4.2,7.8,13.8
10/9/2024 22:06,10/9/2024,10:06 PM,72.6,90,69.5,31,SE,46,S,978.1,,0,0,0.8,2.1,4.5,8.2,14.2
10/9/2024 22:07,10/9/2024,10:07 PM,72.6,90,69.5,29,SE,40,SW,978.5,,0,0,1.2,2,3.6,8.3,14.5
10/9/2024 22:08,10/9/2024,10:08 PM,72.5,90,69.4,24,SE,31,SE,978.1,,0,0,1.1,1.7,3,7.5,13.9
10/9/2024 22:09,10/9/2024,10:09 PM,72.5,89,69.1,37,ESE,52,ESE,978.5,,0,0,1.5,1.8,3,7.7,14
10/9/2024 22:10,10/9/2024,10:10 PM,72.5,89,69.1,30,ESE,45,E,978.8,,0,0,1,2.1,3.3,7.4,13.9
10/9/2024 22:11,10/9/2024,10:11 PM,72.4,90,69.3,26,SE,36,ESE,978.9,,0,0,0.8,1.6,2.9,7.1,13.9
10/9/2024 22:12,10/9/2024,10:12 PM,72.4,90,69.3,29,ESE,52,ESE,979,,0,0,0.5,1.7,2.5,6.9,14.3
10/9/2024 22:13,10/9/2024,10:13 PM,72.4,90,69.3,25,SE,42,ESE,979.5,,0,0,1.4,2.5,3.1,7.4,14.5
10/9/2024 22:14,10/9/2024,10:14 PM,72.4,90,69.3,24,ESE,41,SE,979.7,,0,0,1.2,2.7,3,7.3,14.3
10/9/2024 22:15,10/9/2024,10:15 PM,72.3,90,69.2,34,ESE,47,SE,979.2,,0,0,0.4,1.4,2.5,6.9,13.6
10/9/2024 22:16,10/9/2024,10:16 PM,72.4,90,69.3,29,ESE,52,E,979.8,,0,0,0.9,1.7,2.5,7.3,14.2
10/9/2024 22:17,10/9/2024,10:17 PM,72.4,90,69.3,32,SE,43,SSE,979.8,,0,0,0.8,1.3,2.5,7,14.1
10/9/2024 22:18,10/9/2024,10:18 PM,72.5,89,69.1,29,ESE,43,ESE,981,,0,0,1.5,2.9,4,8,15.1
10/9/2024 22:19,10/9/2024,10:19 PM,72.5,90,69.4,26,SE,37,ESE,980.9,,0,0,1.2,2.4,3.9,7.3,14.8
10/9/2024 22:20,10/9/2024,10:20 PM,72.6,90,69.5,33,SE,51,SE,981.2,,0,0,2,2.4,3.4,7.6,15
10/9/2024 22:21,10/9/2024,10:21 PM,72.6,89,69.2,36,SE,49,SE,981.3,,0,0,1.5,2.4,3.2,7.7,15
10/9/2024 22:22,10/9/2024,10:22 PM,72.6,89,69.2,22,ESE,29,E,981.6,,0,0,1.8,2.6,3.1,6.7,15.4
10/9/2024 22:23,10/9/2024,10:23 PM,72.6,89,69.2,26,ESE,38,ESE,981.6,,0,0,0.6,2.1,3.5,6.5,15.3
10/9/2024 22:24,10/9/2024,10:24 PM,72.6,89,69.2,23,ENE,39,NE,981.8,,0,0,0.9,2.1,3.3,6.3,14.9
10/9/2024 22:25,10/9/2024,10:25 PM,72.6,89,69.2,40,SE,52,SE,982.2,,0,0,1,3,3.4,6.7,14.9
10/9/2024 22:26,10/9/2024,10:26 PM,72.5,89,69.1,32,SE,45,SSE,982.3,,0,0,1,2.5,3.4,6.3,14.9
10/9/2024 22:27,10/9/2024,10:27 PM,72.4,89,69,27,SSE,42,WNW,982,,0,0,0.4,2.2,3,5.5,14.4
10/9/2024 22:28,10/9/2024,10:28 PM,72.4,89,69,30,SE,44,E,982.7,,0,0,1.1,1.7,3.2,6.3,14.9
10/9/2024 22:29,10/9/2024,10:29 PM,72.3,89,68.9,27,ESE,43,SE,982.2,,0,0,0.4,1.3,2.5,5.5,13.9
10/9/2024 22:30,10/9/2024,10:30 PM,72.3,89,68.9,33,ESE,46,SSE,982.3,,0,0,0.1,1.1,3.1,5.6,13.6
10/9/2024 22:31,10/9/2024,10:31 PM,72.3,90,69.2,27,SE,46,SE,982.5,,0,0,0.2,1.2,2.7,5.2,13.6
10/9/2024 22:32,10/9/2024,10:32 PM,72.2,90,69.1,21,SE,33,SE,982.6,,0,0,0.6,1,2.8,5.3,13.5
10/9/2024 22:33,10/9/2024,10:33 PM,72.2,90,69.1,27,SE,46,SE,982.7,,0,0,0,1.1,1.7,5.7,13.1
10/9/2024 22:34,10/9/2024,10:34 PM,72.3,89,68.9,28,SE,46,SE,983.2,,0,0,1,1.4,2.3,6.2,13.5
10/9/2024 22:35,10/9/2024,10:35 PM,72.3,90,69.2,24,SE,37,SE,983.1,,0,0,0.8,0.9,1.9,5.3,13.1
10/9/2024 22:36,10/9/2024,10:36 PM,72.3,90,69.2,21,SE,31,SE,983.4,,0,0,0.9,1.1,2.1,5.3,13.5
10/9/2024 22:37,10/9/2024,10:37 PM,72.3,90,69.2,22,ESE,31,ESE,983.7,,0,0,1.1,1.7,2.1,5.2,13.5
10/9/2024 22:38,10/9/2024,10:38 PM,72.3,89,68.9,28,SSE,42,SSE,983.9,,0,0,1.2,1.2,2.3,5.8,13.3
10/9/2024 22:39,10/9/2024,10:39 PM,72.4,89,69,23,ENE,33,ENE,984.1,,0,0,0.9,1.9,2.3,5.6,13.3
10/9/2024 22:40,10/9/2024,10:40 PM,72.4,89,69,30,SE,45,ESE,983.7,,0,0,0.6,1.4,1.5,4.9,12.3
10/9/2024 22:41,10/9/2024,10:41 PM,72.4,89,69,31,SSE,41,ESE,984.1,,0,0,0.7,1.6,1.8,5.2,12.3
10/9/2024 22:42,10/9/2024,10:42 PM,72.4,89,69,27,SE,34,SSE,984.4,,0,0,0.7,1.8,2.4,5.4,12.3
10/9/2024 22:43,10/9/2024,10:43 PM,72.4,88,68.6,35,ESE,51,SSE,984.1,,0,0,0.2,1.4,1.4,4.6,12
10/9/2024 22:44,10/9/2024,10:44 PM,72.3,89,68.9,32,SSE,41,SSE,984.1,,0,0,0,0.9,1.9,4.4,11.7
10/9/2024 22:45,10/9/2024,10:45 PM,72.3,89,68.9,23,E,38,SE,984.8,,0,0,1.1,1.7,2.5,5.6,12.5
10/9/2024 22:46,10/9/2024,10:46 PM,72.3,89,68.9,27,E,48,N,984.8,,0,0,0.7,1.4,2.3,5,12.3
10/9/2024 22:47,10/9/2024,10:47 PM,72.3,88,68.5,29,N,43,NNW,984.8,,0,0,0.4,1.1,2.2,5,12
10/9/2024 22:48,10/9/2024,10:48 PM,72.2,88,68.4,28,N,36,NNE,985.4,,0,0,1.3,1.5,2.7,4.4,12.4
10/9/2024 22:49,10/9/2024,10:49 PM,72.1,89,68.7,26,ESE,45,SE,985.5,,0.01,0,1.4,1.4,2.3,4.6,11.9
10/9/2024 22:50,10/9/2024,10:50 PM,72,89,68.6,31,WNW,41,WNW,985.3,,0,0,0.5,1.6,2.2,4.1,11.7
10/9/2024 22:51,10/9/2024,10:51 PM,72,89,68.6,28,W,38,W,985.7,,0,0,0.9,1.6,2.3,4.4,12.1
10/9/2024 22:52,10/9/2024,10:52 PM,72,89,68.6,40,W,67,W,985.7,,0,0,0.9,1.3,2,4.1,10.8
10/9/2024 22:53,10/9/2024,10:53 PM,72.1,88,68.3,33,W,46,WSW,986.3,,0,0,0.9,2.2,2.4,4.7,11.2
10/9/2024 22:54,10/9/2024,10:54 PM,72.2,88,68.4,35,WSW,48,WSW,986.2,,0,0,0.7,2.1,2.1,4.4,10.7
10/9/2024 22:55,10/9/2024,10:55 PM,72.1,89,68.7,26,WSW,31,WSW,986.2,,0,0,0.9,1.4,2.5,4,10.7
10/9/2024 22:56,10/9/2024,10:56 PM,72.1,89,68.7,34,W,50,W,986.8,,0,0,1.1,2,2.7,4.5,10.8
10/9/2024 22:57,10/9/2024,10:57 PM,72.1,88,68.3,33,W,42,W,986.5,,0,0,0.8,1.7,2.1,4.5,10
10/9/2024 22:58,10/9/2024,10:58 PM,72,88,68.2,29,W,38,WSW,987,,0,0,0.7,1.6,2.9,4.3,10.6
10/9/2024 22:59,10/9/2024,10:59 PM,72,88,68.2,26,W,40,WNW,987.3,,0,0.05,1.1,1.8,3.2,5.1,10.6
10/9/2024 23:00,10/9/2024,11:00 PM,72,89,68.6,30,WSW,36,WNW,987.3,,0.01,0.05,1.1,2,2.5,5,10.6
10/9/2024 23:01,10/9/2024,11:01 PM,71.9,88,68.2,33,W,43,W,987,,0,0.05,0.2,1.3,2.2,4.5,9.7
10/9/2024 23:02,10/9/2024,11:02 PM,71.8,89,68.4,30,W,37,W,987.7,,0,0.05,1.2,2,2.9,5.1,10.4
10/9/2024 23:03,10/9/2024,11:03 PM,71.7,89,68.3,32,W,43,W,987.5,,0,0.05,0.5,1.2,2.1,4.8,10.5
10/9/2024 23:04,10/9/2024,11:04 PM,71.8,89,68.4,28,W,43,WNW,988.1,,0,0.05,0.8,1.9,2.6,4.9,11.1
10/9/2024 23:05,10/9/2024,11:05 PM,71.7,89,68.3,22,WNW,35,WSW,988.3,,0,0.05,1,2.1,3,5.2,10.5
10/9/2024 23:06,10/9/2024,11:06 PM,71.7,89,68.3,32,W,41,WSW,988.2,,0.01,0.09,1.2,1.4,2.5,4.8,10.1
10/9/2024 23:07,10/9/2024,11:07 PM,71.7,88,68,38,WSW,48,WSW,988,,0,0.09,0.3,1.5,2.3,4.3,9.5
10/9/2024 23:08,10/9/2024,11:08 PM,71.7,89,68.3,32,W,43,W,988.6,,0,0.09,1.1,1.6,2.3,4.7,10.5
10/9/2024 23:09,10/9/2024,11:09 PM,71.8,89,68.4,26,WSW,45,WSW,988.8,,0,0.09,0.7,1.5,2.6,4.7,10.3
10/9/2024 23:10,10/9/2024,11:10 PM,71.8,89,68.4,27,SW,34,SW,988.5,,0,0.09,0.2,1.2,2.3,4.8,9.7
10/9/2024 23:11,10/9/2024,11:11 PM,71.8,89,68.4,28,WSW,49,W,988.9,,0,0.09,0.7,1.9,2.1,4.8,10
10/9/2024 23:12,10/9/2024,11:12 PM,71.8,89,68.4,31,WSW,44,SW,988.7,,0,0.09,0.7,1,2.2,4.3,9.7
10/9/2024 23:13,10/9/2024,11:13 PM,71.8,89,68.4,23,WSW,37,WSW,989.2,,0,0.08,0.6,1.7,2.2,5.1,9.7
10/9/2024 23:14,10/9/2024,11:14 PM,71.8,89,68.4,23,WSW,37,WSW,989.5,,0.01,0.08,0.7,1.4,2.2,5.4,9.8
10/9/2024 23:15,10/9/2024,11:15 PM,71.8,89,68.4,31,WSW,45,WSW,989.6,,0,0.08,1.1,1.3,2.3,4.8,10.4
10/9/2024 23:16,10/9/2024,11:16 PM,71.8,90,68.7,30,WSW,42,SW,989.5,,0,0.08,0.6,1.3,2.5,4.7,9.7
10/9/2024 23:17,10/9/2024,11:17 PM,71.9,90,68.8,26,WSW,36,W,989.8,,0,0.08,1.1,1.8,2.1,5,10
10/9/2024 23:18,10/9/2024,11:18 PM,71.9,90,68.8,20,WSW,30,WSW,989.9,,0,0.08,0.7,1.3,2.4,4.5,8.9
10/9/2024 23:19,10/9/2024,11:19 PM,72,90,68.9,28,WSW,41,W,989.7,,0.01,0.12,0.2,0.9,1.6,4.2,8.8
10/9/2024 23:20,10/9/2024,11:20 PM,72,90,68.9,27,SW,36,SW,990.1,,0,0.12,0.5,1.6,1.8,4.8,8.9
10/9/2024 23:21,10/9/2024,11:21 PM,72.1,90,69,30,WSW,54,SW,990.4,,0,0.12,0.9,1.5,2.2,4.7,9.1
10/9/2024 23:22,10/9/2024,11:22 PM,72.2,90,69.1,27,SW,46,SW,990.4,,0,0.12,0.6,1.7,2.4,4.7,8.8
10/9/2024 23:23,10/9/2024,11:23 PM,72.2,89,68.8,28,ENE,40,ENE,990.4,,0,0.12,0.5,1.2,1.8,4.1,8.8
10/9/2024 23:24,10/9/2024,11:24 PM,72.4,89,69,29,ENE,41,E,990.7,,0,0.1,1,1.2,1.9,4.5,8.9
10/9/2024 23:25,10/9/2024,11:25 PM,72.6,89,69.2,27,ENE,41,E,990.8,,0,0.09,0.7,1.2,2.3,4.6,8.6
10/9/2024 23:26,10/9/2024,11:26 PM,72.6,89,69.2,31,E,44,E,990.7,,0,0.08,0.3,1.2,1.8,3.9,8.4
10/9/2024 23:27,10/9/2024,11:27 PM,72.5,89,69.1,35,E,46,E,990.7,,0,0.07,0.3,0.9,2,4.2,8.7
10/9/2024 23:28,10/9/2024,11:28 PM,72.5,89,69.1,38,WSW,51,SSW,991.2,,0,0.06,0.8,1.3,2,4.2,8.5
10/9/2024 23:29,10/9/2024,11:29 PM,72.3,89,68.9,33,WSW,39,WSW,991,,0,0.05,0.3,1.3,1.5,3.7,8.8
10/9/2024 23:30,10/9/2024,11:30 PM,72.2,89,68.8,28,WSW,44,WSW,991.3,,0,0.05,0.5,1.2,1.7,4,9
10/9/2024 23:31,10/9/2024,11:31 PM,72.2,89,68.8,35,WSW,54,WSW,991.5,,0,0.05,0.8,1.1,2,4.5,9
10/9/2024 23:32,10/9/2024,11:32 PM,72.2,89,68.8,31,WSW,50,WSW,991.4,,0,0.04,0.7,1,1.6,3.7,8.8
10/9/2024 23:33,10/9/2024,11:33 PM,72.2,89,68.8,33,WSW,61,W,991.2,,0,0.04,0,0.8,1.3,3.7,8.5
10/9/2024 23:34,10/9/2024,11:34 PM,72.3,89,68.9,31,W,49,SW,991.5,,0,0.04,0.5,0.8,1.8,3.4,8.3
10/9/2024 23:35,10/9/2024,11:35 PM,72.3,89,68.9,25,WSW,37,WSW,991.6,,0,0,0.3,0.8,1.5,3.3,8.5
10/9/2024 23:36,10/9/2024,11:36 PM,72.3,89,68.9,27,WSW,39,W,991.9,,0,0,0.4,1.2,1.5,3.7,8.5
10/9/2024 23:37,10/9/2024,11:37 PM,72.2,89,68.8,32,WSW,40,W,992,,0,0,0.6,1.3,1.6,4,8.3
10/9/2024 23:38,10/9/2024,11:38 PM,72.3,89,68.9,21,WSW,36,W,991.9,,0,0,0.7,0.7,1.5,3.3,8
10/9/2024 23:39,10/9/2024,11:39 PM,72.3,89,68.9,19,WSW,32,W,992.6,,0,0,1.1,1.6,1.9,3.8,8.5
10/9/2024 23:40,10/9/2024,11:40 PM,72.3,89,68.9,25,SW,38,SW,992.5,,0,0,0.9,1.2,1.7,4,8.8
10/9/2024 23:41,10/9/2024,11:41 PM,72.3,89,68.9,28,WSW,43,SE,992.3,,0,0,0.4,0.8,1.6,3.4,8.2
10/9/2024 23:42,10/9/2024,11:42 PM,72.3,89,68.9,26,E,36,NE,992.4,,0,0,0.4,1,1.7,3.7,8
10/9/2024 23:43,10/9/2024,11:43 PM,72.4,89,69,22,ENE,34,E,992.4,,0,0,0.5,1.2,1.2,3.2,8.3
10/9/2024 23:44,10/9/2024,11:44 PM,72.4,89,69,26,E,46,ENE,992.5,,0,0,-0.1,1,1.5,3,8.4
10/9/2024 23:45,10/9/2024,11:45 PM,72.4,88,68.6,26,E,44,E,992.6,,0,0,0.1,1,1.3,3,7.8
10/9/2024 23:46,10/9/2024,11:46 PM,72.4,88,68.6,22,ENE,29,E,992.5,,0,0,0.2,0.6,1,3,7.7
10/9/2024 23:47,10/9/2024,11:47 PM,72.4,88,68.6,23,ESE,37,ESE,992.7,,0,0,0.3,0.7,1.3,2.9,7.9
10/9/2024 23:48,10/9/2024,11:48 PM,72.4,88,68.6,23,ESE,34,ESE,992.8,,0,0,0.4,0.9,1.6,2.9,7.4
10/9/2024 23:49,10/9/2024,11:49 PM,72.3,87,68.2,29,E,41,E,992.9,,0,0,0.4,0.3,1.4,3.2,7.4
10/9/2024 23:50,10/9/2024,11:50 PM,72.4,87,68.3,29,ESE,42,E,992.7,,0,0,0.1,0.2,1.1,2.6,7.4
10/9/2024 23:51,10/9/2024,11:51 PM,72.3,87,68.2,21,SE,36,ESE,992.6,,0,0,0.1,0.3,0.7,2.2,6.9
10/9/2024 23:52,10/9/2024,11:52 PM,72.3,87,68.2,28,ESE,47,E,993.1,,0,0,0.4,0.7,1.1,2.7,7.4
10/9/2024 23:53,10/9/2024,11:53 PM,72.3,87,68.2,30,W,41,W,992.7,,0,0,-0.1,0.3,0.8,2.3,6.4
10/9/2024 23:54,10/9/2024,11:54 PM,72.3,87,68.2,22,WNW,36,WNW,993.2,,0,0,0.3,0.7,0.6,2.5,7
10/9/2024 23:55,10/9/2024,11:55 PM,72.2,87,68.1,27,W,35,W,992.9,,0,0,0.2,0.3,0.4,2.1,6.7
10/9/2024 23:56,10/9/2024,11:56 PM,72.1,87,68,27,WSW,52,WSW,993,,0,0,0.4,0.5,0.7,2.3,6.2
10/9/2024 23:57,10/9/2024,11:57 PM,72.2,87,68.1,31,W,46,W,993.4,,0,0,0.3,0.7,1,2.7,6.9
10/9/2024 23:58,10/9/2024,11:58 PM,72.2,87,68.1,24,W,31,W,993.3,,0,0,0.6,0.5,0.9,2.1,6.3
10/9/2024 23:59,10/9/2024,11:59 PM,72.1,87,68,30,W,43,W,993.4,,0.01,0,0.2,0.5,0.9,2.4,6.1
10/10/2024 0:00,10/10/2024,12:00 AM,72.1,87,68,25,W,39,WSW,993.3,,0,0,0.4,0.6,0.7,2,6
10/10/2024 0:01,10/10/2024,12:01 AM,72,88,68.2,18,WSW,25,WSW,993.6,,0,0,0.6,1,1.1,2.1,6.6
10/10/2024 0:02,10/10/2024,12:02 AM,72,88,68.2,21,WNW,27,WSW,993.6,,0,0,0.2,0.5,0.9,2.2,5.9
10/10/2024 0:03,10/10/2024,12:03 AM,72,88,68.2,35,W,61,WNW,993.8,,0.01,0.14,0.5,1.1,1,2.6,6.3
10/10/2024 0:04,10/10/2024,12:04 AM,72.1,87,68,23,WSW,42,WSW,994.1,,0,0.14,0.7,0.9,1.2,2.6,6
10/10/2024 0:05,10/10/2024,12:05 AM,72,87,67.9,25,W,35,WNW,993.9,,0,0.14,0.6,1,1.2,2.3,5.6
10/10/2024 0:06,10/10/2024,12:06 AM,72.2,86,67.8,36,W,50,W,994.1,,0,0.14,0.5,1.1,1.5,2.2,5.9
10/10/2024 0:07,10/10/2024,12:07 AM,72.2,86,67.8,24,W,29,WSW,994.1,,0,0.13,0.5,0.7,1,2.1,6.1
10/10/2024 0:08,10/10/2024,12:08 AM,72.2,86,67.8,27,W,35,WSW,994.5,,0.01,0.13,0.7,1.2,1.8,2.6,5.9
10/10/2024 0:09,10/10/2024,12:09 AM,72.1,86,67.7,32,WNW,50,W,994.5,,0,0.12,0.4,1.1,1.3,1.9,5.7
10/10/2024 0:10,10/10/2024,12:10 AM,72,86,67.6,22,W,35,WNW,994.6,,0,0.12,0.7,1.3,1.7,2.1,6.1
10/10/2024 0:11,10/10/2024,12:11 AM,71.9,87,67.8,25,WSW,38,WSW,994.9,,0.01,0.22,0.8,1.3,1.9,2.6,6
10/10/2024 0:12,10/10/2024,12:12 AM,71.8,87,67.7,35,WNW,51,W,994.7,,0,0.22,0.6,1.1,1.3,2.3,6
10/10/2024 0:13,10/10/2024,12:13 AM,71.8,86,67.4,29,W,43,NW,995.2,,0,0.22,0.7,1.4,1.9,2.8,6
10/10/2024 0:14,10/10/2024,12:14 AM,71.9,86,67.5,38,W,53,WSW,995.2,,0.01,0.22,0.7,1.1,1.8,2.7,5.7
10/10/2024 0:15,10/10/2024,12:15 AM,71.9,86,67.5,34,W,47,WSW,995.1,,0,0.22,0.5,1.2,1.8,2.5,5.5
10/10/2024 0:16,10/10/2024,12:16 AM,71.9,85,67.1,36,W,46,WNW,995.2,,0,0.21,0.3,1.1,1.6,2.7,5.7
10/10/2024 0:17,10/10/2024,12:17 AM,72,85,67.2,35,WNW,53,WNW,995.7,,0,0.16,1,1.6,2.1,3,5.9
10/10/2024 0:18,10/10/2024,12:18 AM,72,84,66.9,34,WNW,47,W,995.6,,0,0.14,0.4,1.1,1.8,2.8,5.7
10/10/2024 0:19,10/10/2024,12:19 AM,72,85,67.2,33,W,44,W,995,,0,0.1,-0.2,0.5,0.9,2.1,5.3
10/10/2024 0:20,10/10/2024,12:20 AM,72,85,67.2,29,W,44,WNW,995.7,,0,0.09,0.6,1.1,1.8,3,5.6
10/10/2024 0:21,10/10/2024,12:21 AM,72,85,67.2,27,W,42,W,995.6,,0.01,0.09,0.4,0.7,1.5,3,5.2
10/10/2024 0:22,10/10/2024,12:22 AM,71.9,85,67.1,30,W,40,W,995.7,,0,0.08,0,1,1.6,2.6,5.3
10/10/2024 0:23,10/10/2024,12:23 AM,72,85,67.2,35,WNW,48,WNW,995.8,,0,0.08,0.2,0.6,1.3,3.1,5.4
10/10/2024 0:24,10/10/2024,12:24 AM,72.1,85,67.3,36,W,50,WNW,996,,0,0.08,1,0.8,1.5,2.8,5.3
10/10/2024 0:25,10/10/2024,12:25 AM,72.1,84,67,29,W,43,WNW,995.6,,0,0.08,-0.1,0.5,1,2.7,4.8
10/10/2024 0:26,10/10/2024,12:26 AM,72.1,85,67.3,24,WNW,35,WNW,996,,0,0.08,0.4,0.8,1.1,3,5.3
10/10/2024 0:27,10/10/2024,12:27 AM,72,85,67.2,25,W,37,W,996.4,,0,0.09,0.7,0.7,1.7,3,5.7
10/10/2024 0:28,10/10/2024,12:28 AM,72,85,67.2,29,WNW,44,WNW,996,,0.01,0.09,0.2,0.4,0.8,2.7,4.8
10/10/2024 0:29,10/10/2024,12:29 AM,72,85,67.2,35,W,52,W,996,,0,0.09,0,1,0.8,2.6,5
10/10/2024 0:30,10/10/2024,12:30 AM,72.2,85,67.4,30,W,43,WSW,996.4,,0,0.2,0.8,0.7,1.3,3.1,5.1
10/10/2024 0:31,10/10/2024,12:31 AM,72.1,85,67.3,23,W,34,W,996.2,,0.01,0.2,0.2,0.6,1,2.6,4.7
10/10/2024 0:32,10/10/2024,12:32 AM,72,85,67.2,23,W,35,WNW,996.3,,0,0.2,-0.1,0.6,0.6,2.7,4.9
10/10/2024 0:33,10/10/2024,12:33 AM,71.8,85,67,24,WNW,36,W,996.7,,0.01,0.2,0.7,0.9,1.1,2.9,5.5
10/10/2024 0:34,10/10/2024,12:34 AM,71.9,85,67.1,33,W,47,WNW,996.7,,0,0.2,0.7,0.7,1.7,2.6,5.2
10/10/2024 0:35,10/10/2024,12:35 AM,71.9,85,67.1,31,WNW,49,WNW,996.9,,0,0.2,0.5,1.3,1.2,3,5.3
10/10/2024 0:36,10/10/2024,12:36 AM,71.9,85,67.1,30,W,42,W,997,,0.01,0.26,0.8,1,1.4,2.9,5.1
10/10/2024 0:37,10/10/2024,12:37 AM,71.8,86,67.4,25,W,39,WSW,997.4,,0,0.26,1.1,1,1.7,3.3,5.4
10/10/2024 0:38,10/10/2024,12:38 AM,71.7,86,67.3,28,WNW,40,WSW,997,,0.01,0.27,0.3,1,1.2,2.5,5.1
10/10/2024 0:39,10/10/2024,12:39 AM,71.7,86,67.3,20,W,31,WNW,997.4,,0,0.27,0.7,1.4,1.4,2.9,4.8
10/10/2024 0:40,10/10/2024,12:40 AM,71.5,86,67.1,23,WNW,39,WNW,997.8,,0.01,0.34,0.9,1.4,2.2,3.2,5.3
10/10/2024 0:41,10/10/2024,12:41 AM,71.5,86,67.1,25,W,48,W,997.5,,0,0.34,0.5,1.3,1.5,2.6,5.2
10/10/2024 0:42,10/10/2024,12:42 AM,71.5,86,67.1,14,SSE,23,SSE,997.8,,0.01,0.34,0.4,1.5,1.4,3.1,5.4
10/10/2024 0:43,10/10/2024,12:43 AM,71.3,87,67.2,16,W,26,W,997.7,,0,0.3,0.7,1,1.7,2.5,5.3
10/10/2024 0:44,10/10/2024,12:44 AM,71.3,87,67.2,15,W,22,WSW,997.9,,0,0.22,0.5,1.2,1.9,2.7,5.4
10/10/2024 0:45,10/10/2024,12:45 AM,71.2,88,67.5,14,WSW,26,W,997.9,,0,0.17,0.1,1,1.5,2.8,5.3
10/10/2024 0:46,10/10/2024,12:46 AM,71.1,88,67.4,20,W,29,W,998.2,,0.01,0.17,0.7,1.2,2,3,5.7
10/10/2024 0:47,10/10/2024,12:47 AM,71.2,87,67.1,23,W,31,W,998.3,,0,0.15,0.5,0.9,2,2.6,5.6
10/10/2024 0:48,10/10/2024,12:48 AM,71.2,88,67.5,14,W,19,W,998.4,,0,0.15,0.7,1.4,1.7,2.8,5.6
10/10/2024 0:49,10/10/2024,12:49 AM,71.2,88,67.5,12,SW,18,WSW,998.5,,0,0.15,0.6,1.1,1.8,3.5,5.6
10/10/2024 0:50,10/10/2024,12:50 AM,71.2,88,67.5,17,SSE,24,W,998.6,,0,0.13,0.7,0.8,1.7,2.9,5.9
10/10/2024 0:51,10/10/2024,12:51 AM,71.2,88,67.5,14,ESE,23,E,998.9,,0.01,0.13,0.7,1.4,1.9,3.3,6.3
10/10/2024 0:52,10/10/2024,12:52 AM,71.2,88,67.5,23,SE,35,SE,998.6,,0,0.13,0.3,0.8,1.2,2.9,5.5
10/10/2024 0:53,10/10/2024,12:53 AM,71.3,88,67.6,11,SSE,15,SE,998.8,,0,0.13,0.4,1.1,1.8,3,6.1
10/10/2024 0:54,10/10/2024,12:54 AM,71.3,88,67.6,17,SSE,34,SSE,998.9,,0.01,0.13,0.4,1,1.5,2.9,5.7
10/10/2024 0:55,10/10/2024,12:55 AM,71.3,88,67.6,23,SSE,40,S,998.9,,0,0.17,0.3,1,1.1,3.3,6
10/10/2024 0:56,10/10/2024,12:56 AM,71.3,88,67.6,17,SSE,30,SSE,999.2,,0,0.17,0.3,1,1.7,3.2,6.2
10/10/2024 0:57,10/10/2024,12:57 AM,71.3,88,67.6,20,SSE,26,S,999.1,,0,0.17,0.5,0.8,1.3,2.7,5.7
10/10/2024 0:58,10/10/2024,12:58 AM,71.3,88,67.6,17,SE,31,SSE,999,,0.01,0.17,0.2,0.6,1.3,3,5.7
10/10/2024 0:59,10/10/2024,12:59 AM,71.3,88,67.6,15,SSE,21,SE,999.3,,0,0.14,0.4,0.8,1.4,3.3,5.9
10/10/2024 1:00,10/10/2024,1:00 AM,71.2,88,67.5,15,SE,24,S,999.4,,0,0.14,0.5,0.8,1.5,3,6.1
10/10/2024 1:01,10/10/2024,1:01 AM,71.2,88,67.5,21,SSE,30,SSE,999.5,,0,0.14,0.3,0.6,1.3,3.3,5.9
10/10/2024 1:02,10/10/2024,1:02 AM,71.3,88,67.6,17,SSE,25,SSE,999.4,,0,0.14,0.3,0.8,1.1,3.1,5.8
10/10/2024 1:03,10/10/2024,1:03 AM,71.3,88,67.6,17,SSE,31,S,999.5,,0,0.12,0.5,0.7,1.1,2.8,5.7
10/10/2024 1:04,10/10/2024,1:04 AM,71.3,88,67.6,16,SSE,30,S,999.6,,0,0.1,0.3,0.7,1.1,2.9,5.5
10/10/2024 1:05,10/10/2024,1:05 AM,71.3,88,67.6,17,SE,28,S,999.7,,0,0.09,0.3,0.8,1.1,2.8,5.8
10/10/2024 1:06,10/10/2024,1:06 AM,71.3,87,67.2,19,SSE,29,SSE,999.8,,0,0.08,0.3,0.6,0.9,2.8,5.7
10/10/2024 1:07,10/10/2024,1:07 AM,71.3,87,67.2,13,SSE,17,SSE,999.9,,0,0.07,0.5,0.8,1.3,2.5,5.8
10/10/2024 1:08,10/10/2024,1:08 AM,71.4,87,67.3,24,SSE,35,S,1000,,0,0.06,0.5,1,1.2,3,5.5
10/10/2024 1:09,10/10/2024,1:09 AM,71.5,87,67.4,15,SSE,22,SSE,999.9,,0,0.05,0.3,0.6,1,2.5,5.4
10/10/2024 1:10,10/10/2024,1:10 AM,71.5,87,67.4,18,SE,29,SE,1000,,0,0.05,0.3,0.6,1.1,2.2,5.4
10/10/2024 1:11,10/10/2024,1:11 AM,71.5,87,67.4,12,SSE,20,SSE,1000.1,,0,0.05,0.3,0.6,0.9,2.6,5.2
10/10/2024 1:12,10/10/2024,1:12 AM,71.5,87,67.4,16,SSE,27,SSE,1000.2,,0,0.04,0.3,0.8,1.1,2.4,5.5
10/10/2024 1:13,10/10/2024,1:13 AM,71.5,87,67.4,14,SSE,21,SSE,1000.5,,0,0.04,0.5,1,1.5,2.8,5.3
10/10/2024 1:14,10/10/2024,1:14 AM,71.5,87,67.4,10,SE,15,SE,1000.4,,0,0.04,0.5,0.8,1.1,2.5,5.2
10/10/2024 1:15,10/10/2024,1:15 AM,71.5,87,67.4,16,SE,24,SE,1000.6,,0.01,0.04,0.6,0.9,1.2,2.7,5.5
10/10/2024 1:16,10/10/2024,1:16 AM,71.5,87,67.4,21,SE,27,SSE,1000.4,,0,0.32,0.3,0.6,0.9,2.2,5.2
10/10/2024 1:17,10/10/2024,1:17 AM,71.4,87,67.3,17,SE,26,SE,1000.7,,0.01,0.32,0.5,0.8,1.3,2.4,5
10/10/2024 1:18,10/10/2024,1:18 AM,71.3,87,67.2,16,ESE,21,ESE,1000.9,,0,0.3,0.4,0.9,1.4,2.5,5.3
10/10/2024 1:19,10/10/2024,1:19 AM,71.3,88,67.6,10,SE,18,ESE,1000.9,,0,0.19,0.5,1,1.3,2.4,5.9
10/10/2024 1:20,10/10/2024,1:20 AM,71.2,88,67.5,11,SE,18,SE,1001,,0.01,0.19,0.4,1,1.3,2.4,5.3
10/10/2024 1:21,10/10/2024,1:21 AM,71.1,88,67.4,19,SSE,28,SSE,1001.2,,0,0.18,0.8,1.1,1.4,2.3,5.6
10/10/2024 1:22,10/10/2024,1:22 AM,71.1,88,67.4,19,SE,27,SE,1000.9,,0,0.23,0.2,0.7,1,2.3,5.2
10/10/2024 1:23,10/10/2024,1:23 AM,71.2,88,67.5,18,ESE,24,ESE,1001.1,,0.01,0.23,0.2,0.6,1.1,2.3,5.3
10/10/2024 1:24,10/10/2024,1:24 AM,71.2,88,67.5,16,SE,29,S,1001.2,,0,0.23,0.3,0.8,1.3,2.3,5.2
10/10/2024 1:25,10/10/2024,1:25 AM,71.2,88,67.5,17,SE,25,SE,1001,,0.01,0.23,0,0.4,1,2.1,5.4
10/10/2024 1:26,10/10/2024,1:26 AM,71.1,89,67.7,11,SE,22,SE,1001.1,,0,0.19,-0.1,0.7,1,1.9,5.1
10/10/2024 1:27,10/10/2024,1:27 AM,71.1,89,67.7,11,SE,24,S,1001.1,,0,0.19,0.2,0.4,0.9,2,4.7
10/10/2024 1:28,10/10/2024,1:28 AM,71.1,89,67.7,15,SE,21,SE,1001.1,,0,0.19,0,0.2,0.6,2.1,5.1
10/10/2024 1:29,10/10/2024,1:29 AM,71,89,67.6,18,SE,27,ESE,1001.2,,0,0.15,0,0.3,0.8,1.9,5.2
10/10/2024 1:30,10/10/2024,1:30 AM,71.1,89,67.7,19,SE,26,SE,1001.4,,0,0.13,0.4,0.4,0.8,2,5
10/10/2024 1:31,10/10/2024,1:31 AM,71.2,89,67.8,17,SE,25,ESE,1001.1,,0.01,0.13,0,-0.1,0.7,1.6,4.9
10/10/2024 1:32,10/10/2024,1:32 AM,71.2,88,67.5,14,SE,22,SE,1001.1,,0,0.13,0,0.2,0.4,1.7,4.8
10/10/2024 1:33,10/10/2024,1:33 AM,71.1,89,67.7,13,SE,18,SSE,1001.2,,0,0.13,0.1,0.1,0.3,1.7,4.5
10/10/2024 1:34,10/10/2024,1:34 AM,71.1,89,67.7,13,SE,19,SE,1001.4,,0,0.13,0.2,0.2,0.5,1.8,4.7
10/10/2024 1:35,10/10/2024,1:35 AM,71.1,89,67.7,13,SE,20,SSE,1001.3,,0,0.11,-0.1,0.3,0.3,1.6,4.4
10/10/2024 1:36,10/10/2024,1:36 AM,71.1,89,67.7,17,SE,25,ESE,1001.4,,0.01,0.11,0.3,0.3,0.2,1.6,4.4
10/10/2024 1:37,10/10/2024,1:37 AM,71.1,89,67.7,17,SE,20,SSE,1001.5,,0,0.11,0.4,0.4,0.6,1.6,4.1
10/10/2024 1:38,10/10/2024,1:38 AM,71.1,88,67.4,17,SE,22,SE,1001.5,,0,0.11,0.3,0.4,0.4,1.5,4.5
10/10/2024 1:39,10/10/2024,1:39 AM,71.2,88,67.5,15,SE,23,SE,1001.6,,0,0.11,0.2,0.4,0.4,1.7,4.2
10/10/2024 1:40,10/10/2024,1:40 AM,71.2,89,67.8,13,SE,20,SE,1001.7,,0,0.11,0.4,0.3,0.7,1.7,3.9
10/10/2024 1:41,10/10/2024,1:41 AM,71.1,89,67.7,11,SE,15,SE,1001.7,,0,0.11,0.3,0.6,0.6,1.6,4.2
10/10/2024 1:42,10/10/2024,1:42 AM,71.2,89,67.8,10,ESE,12,SSE,1001.8,,0,0.09,0.3,0.7,0.7,1.6,4
10/10/2024 1:43,10/10/2024,1:43 AM,71.1,89,67.7,14,ESE,25,ESE,1002,,0,0.08,0.5,0.8,0.9,1.5,4.3
10/10/2024 1:44,10/10/2024,1:44 AM,71.1,89,67.7,11,SSE,14,SE,1001.8,,0,0.07,0.2,0.4,0.6,1.4,3.9
10/10/2024 1:45,10/10/2024,1:45 AM,71.1,89,67.7,10,SE,14,SSE,1001.9,,0,0.06,0.2,0.6,0.5,1.3,4
10/10/2024 1:46,10/10/2024,1:46 AM,71.1,89,67.7,14,SE,21,SSE,1001.9,,0,0.05,0.2,0.5,0.8,1.5,3.7
10/10/2024 1:47,10/10/2024,1:47 AM,71.1,89,67.7,13,SE,22,SSE,1001.7,,0.01,0.05,-0.1,0.2,0.6,1,3.4
10/10/2024 1:48,10/10/2024,1:48 AM,71.1,89,67.7,8,SE,16,SE,1002,,0,0.05,0,0.5,0.8,1.1,3.6
10/10/2024 1:49,10/10/2024,1:49 AM,71.1,88,67.4,13,SE,16,SSE,1002,,0,0.05,0.2,0.4,0.6,1.1,3.5
10/10/2024 1:50,10/10/2024,1:50 AM,71.1,88,67.4,10,SSE,18,S,1002.1,,0,0.05,0.2,0.4,0.8,1.1,3.5
10/10/2024 1:51,10/10/2024,1:51 AM,71.1,89,67.7,10,SE,15,SSE,1002.2,,0,0.05,0.3,0.5,0.8,1,3.3
10/10/2024 1:52,10/10/2024,1:52 AM,71.1,88,67.4,12,SE,17,SE,1002.1,,0,0.05,0.4,0.3,0.6,1.2,3.5
10/10/2024 1:53,10/10/2024,1:53 AM,71.2,88,67.5,11,SSE,15,SSE,1002.1,,0,0.05,0.1,0.1,0.6,1,3.3
10/10/2024 1:54,10/10/2024,1:54 AM,71.2,88,67.5,15,SSE,20,ESE,1002.2,,0,0.05,0.2,0.4,0.6,1,3.3
10/10/2024 1:55,10/10/2024,1:55 AM,71.2,88,67.5,11,SSE,17,SSE,1002.1,,0,0.05,0,0.2,0.4,1.1,3.2
10/10/2024 1:56,10/10/2024,1:56 AM,71.3,88,67.6,13,SSE,16,SE,1002.2,,0,0.05,0,0.3,0.5,1.1,3
10/10/2024 1:57,10/10/2024,1:57 AM,71.3,87,67.2,16,SSE,22,SSE,1001.7,,0,0.05,-0.4,0,-0.1,0.6,2.6
10/10/2024 1:58,10/10/2024,1:58 AM,71.4,88,67.7,15,SSE,21,SSE,1001.9,,0,0.05,-0.2,-0.1,-0.1,0.8,2.9
10/10/2024 1:59,10/10/2024,1:59 AM,71.4,88,67.7,14,SSE,24,SSE,1001.9,,0,0.05,-0.3,-0.1,0.1,0.7,2.6
10/10/2024 2:00,10/10/2024,2:00 AM,71.5,87,67.4,15,S,22,S,1001.8,,0,0.04,-0.3,-0.3,-0.1,0.4,2.4
10/10/2024 2:01,10/10/2024,2:01 AM,71.5,87,67.4,14,SSE,20,SSE,1001.9,,0,0.04,-0.3,-0.3,0,0.8,2.4
10/10/2024 2:02,10/10/2024,2:02 AM,71.6,87,67.5,13,SSE,24,SSE,1001.9,,0,0.04,0.2,-0.2,0.2,0.8,2.5
10/10/2024 2:03,10/10/2024,2:03 AM,71.7,87,67.6,16,SSE,22,SSE,1001.9,,0,0.04,0,-0.2,-0.1,0.7,2.4
10/10/2024 2:04,10/10/2024,2:04 AM,71.8,87,67.7,15,SSE,18,S,1001.9,,0,0,0,-0.3,-0.1,0.5,2.3
10/10/2024 2:05,10/10/2024,2:05 AM,71.8,86,67.4,15,SSE,22,SSE,1001.9,,0,0,0.1,-0.2,-0.2,0.6,2.2
10/10/2024 2:06,10/10/2024,2:06 AM,71.8,86,67.4,21,SSE,29,SSE,1001.9,,0,0,0,-0.3,-0.3,0.5,2.1
10/10/2024 2:07,10/10/2024,2:07 AM,72,86,67.6,12,SSE,18,SSE,1002,,0,0,0.1,0.3,-0.1,0.5,2.1
10/10/2024 2:08,10/10/2024,2:08 AM,72.1,86,67.7,11,SSE,14,S,1002,,0,0,0.1,0.1,-0.1,0.5,2
10/10/2024 2:09,10/10/2024,2:09 AM,72.1,86,67.7,11,SSE,16,SSE,1002.1,,0,0,0.2,0.2,-0.1,0.5,2.2
10/10/2024 2:10,10/10/2024,2:10 AM,72.1,86,67.7,14,SSE,21,SE,1002.1,,0,0,0.2,0.3,0,0.4,2.1
10/10/2024 2:11,10/10/2024,2:11 AM,72.1,86,67.7,14,SSE,23,SSE,1002.2,,0,0,0.3,0.3,0,0.5,2.1
10/10/2024 2:12,10/10/2024,2:12 AM,72.1,86,67.7,9,SSE,15,SE,1002.1,,0,0,0.1,0.2,0.4,0.3,1.9
10/10/2024 2:13,10/10/2024,2:13 AM,72.1,86,67.7,8,SE,13,S,1002.4,,0.02,0.44,0.4,0.5,0.5,0.4,1.9
10/10/2024 2:14,10/10/2024,2:14 AM,72.1,86,67.7,15,SSE,21,SSE,1002.4,,0.01,0.44,0.3,0.5,0.5,0.6,2
10/10/2024 2:15,10/10/2024,2:15 AM,72,86,67.6,10,SE,14,S,1002.3,,0,0.44,0.2,0.4,0.5,0.4,1.7
10/10/2024 2:16,10/10/2024,2:16 AM,72,86,67.6,15,SSE,20,SE,1002.4,,0,0.33,0.2,0.5,0.5,0.5,2
10/10/2024 2:17,10/10/2024,2:17 AM,72,87,67.9,14,SE,20,SE,1002.3,,0.02,0.33,0.2,0.3,0.4,0.6,1.6
10/10/2024 2:18,10/10/2024,2:18 AM,72,87,67.9,9,SSE,13,SE,1002.5,,0,0.62,0.1,0.5,0.6,0.5,1.6
10/10/2024 2:19,10/10/2024,2:19 AM,71.9,87,67.8,14,SE,18,SSE,1002.6,,0.01,0.62,0.2,0.5,0.7,0.6,1.7
10/10/2024 2:20,10/10/2024,2:20 AM,71.8,87,67.7,13,SSE,17,SSE,1002.4,,0.01,0.51,0.1,0.3,0.5,0.3,1.4
10/10/2024 2:21,10/10/2024,2:21 AM,71.8,87,67.7,10,S,13,SE,1002.3,,0.01,0.46,-0.1,0.1,0.4,0.1,1.1
10/10/2024 2:22,10/10/2024,2:22 AM,71.7,88,68,13,S,18,SSW,1002.4,,0,0.44,0.1,0.3,0.4,0.3,1.5
10/10/2024 2:23,10/10/2024,2:23 AM,71.7,88,68,14,S,20,SE,1002.3,,0.01,0.44,-0.2,-0.1,0.3,0.2,1.2
10/10/2024 2:24,10/10/2024,2:24 AM,71.7,88,68,12,SSE,17,SSE,1002.5,,0,0.35,-0.1,0.1,0.4,0.3,1.3
10/10/2024 2:25,10/10/2024,2:25 AM,71.7,88,68,11,SSE,15,SE,1002.4,,0.01,0.35,0,0.1,0.3,0.3,1.4
10/10/2024 2:26,10/10/2024,2:26 AM,71.6,88,67.9,13,SSE,19,SSE,1002.5,,0,0.29,0.2,0.1,0.3,0.3,1.4
10/10/2024 2:27,10/10/2024,2:27 AM,71.6,88,67.9,10,SSE,20,SSE,1002.7,,0,0.19,0.3,0.4,0.6,1,1.6
10/10/2024 2:28,10/10/2024,2:28 AM,71.6,88,67.9,12,S,20,S,1002.7,,0,0.16,0.4,0.2,0.3,0.8,1.6
10/10/2024 2:29,10/10/2024,2:29 AM,71.6,88,67.9,14,SSE,24,SSE,1002.7,,0,0.12,0.2,0.1,0.3,0.8,1.5
10/10/2024 2:30,10/10/2024,2:30 AM,71.7,87,67.6,16,SSE,30,SSE,1002.6,,0,0.1,0.2,0.2,0.3,0.8,1.2
10/10/2024 2:31,10/10/2024,2:31 AM,71.7,87,67.6,13,S,22,S,1002.5,,0,0.09,0,0.2,0.1,0.6,1.4
10/10/2024 2:32,10/10/2024,2:32 AM,71.7,87,67.6,12,S,19,SSE,1002.6,,0,0.07,-0.1,0.2,0.3,0.7,1.5
10/10/2024 2:33,10/10/2024,2:33 AM,71.8,87,67.7,11,SSE,14,SSE,1002.5,,0,0.07,-0.2,0.2,0,0.6,1.3
10/10/2024 2:34,10/10/2024,2:34 AM,71.8,87,67.7,13,SSE,20,S,1002.5,,0,0.06,-0.2,0,-0.1,0.6,1.1
10/10/2024 2:35,10/10/2024,2:35 AM,71.8,87,67.7,10,SSE,20,S,1002.5,,0,0.06,-0.1,0.1,0.1,0.6,1.2
10/10/2024 2:36,10/10/2024,2:36 AM,71.8,88,68.1,7,SSE,10,SSE,1002.6,,0,0.05,0.1,0.1,0.3,0.7,1.2
10/10/2024 2:37,10/10/2024,2:37 AM,71.8,88,68.1,13,SSE,21,SSE,1002.5,,0,0.05,-0.1,-0.2,0.1,0.5,1
10/10/2024 2:38,10/10/2024,2:38 AM,71.8,87,67.7,13,SSE,18,SSE,1002.6,,0,0.04,0.1,-0.1,0.3,0.6,1.1
10/10/2024 2:39,10/10/2024,2:39 AM,71.8,87,67.7,10,S,19,S,1002.5,,0,0.04,0,-0.2,0,0.4,0.9
10/10/2024 2:40,10/10/2024,2:40 AM,71.7,87,67.6,14,SE,20,SSE,1002.5,,0,0.04,0,-0.1,0.1,0.4,0.8
10/10/2024 2:41,10/10/2024,2:41 AM,71.7,87,67.6,10,SSE,14,SSE,1002.6,,0,0,0,0.1,0.1,0.4,0.9
10/10/2024 2:42,10/10/2024,2:42 AM,71.7,87,67.6,9,SE,12,SSE,1002.8,,0,0,0.3,0.2,0.1,0.7,1
10/10/2024 2:43,10/10/2024,2:43 AM,71.7,87,67.6,11,S,16,S,1002.8,,0,0,0.2,0.3,0.1,0.4,0.8
10/10/2024 2:44,10/10/2024,2:44 AM,71.8,87,67.7,9,SE,13,SE,1002.8,,0,0,0.3,0.3,0.1,0.4,1
10/10/2024 2:45,10/10/2024,2:45 AM,71.7,87,67.6,8,SE,15,SSE,1003,,0,0,0.5,0.5,0.4,0.7,1.1
10/10/2024 2:46,10/10/2024,2:46 AM,71.7,87,67.6,6,SE,11,SE,1003,,0,0,0.4,0.4,0.5,0.6,1.1
10/10/2024 2:47,10/10/2024,2:47 AM,71.7,87,67.6,7,SE,12,ESE,1003.1,,0,0,0.3,0.6,0.5,0.8,1.4
10/10/2024 2:48,10/10/2024,2:48 AM,71.7,87,67.6,8,SE,12,SE,1003,,0,0,0.2,0.4,0.5,0.5,1
10/10/2024 2:49,10/10/2024,2:49 AM,71.8,87,67.7,7,SE,15,SSE,1003.2,,0,0,0.4,0.7,0.7,0.6,1.2
10/10/2024 2:50,10/10/2024,2:50 AM,71.8,87,67.7,7,SE,11,SE,1003.2,,0,0,0.2,0.7,0.7,0.8,1.1
10/10/2024 2:51,10/10/2024,2:51 AM,71.9,87,67.8,7,SE,9,SSE,1003.3,,0,0,0.3,0.7,0.7,1,1.1
10/10/2024 2:52,10/10/2024,2:52 AM,71.8,87,67.7,6,ESE,10,SE,1003.4,,0,0,0.3,0.6,0.9,1,1.3
10/10/2024 2:53,10/10/2024,2:53 AM,71.9,87,67.8,5,ESE,7,SE,1003.5,,0,0,0.5,0.7,0.9,1.2,1.4
10/10/2024 2:54,10/10/2024,2:54 AM,71.9,87,67.8,7,ESE,9,SE,1003.4,,0,0,0.2,0.6,0.9,0.9,1.2
10/10/2024 2:55,10/10/2024,2:55 AM,71.9,87,67.8,5,ESE,10,ESE,1003.5,,0,0,0.3,0.5,1,1.1,1.4
10/10/2024 2:56,10/10/2024,2:56 AM,71.9,87,67.8,6,SE,10,SE,1003.5,,0,0,0.2,0.5,0.9,1,1.3
10/10/2024 2:57,10/10/2024,2:57 AM,71.9,86,67.5,7,SE,12,SE,1003.6,,0,0,0.2,0.5,0.8,0.9,1.9
10/10/2024 2:58,10/10/2024,2:58 AM,72,86,67.6,8,ESE,12,SE,1003.6,,0,0,0.1,0.6,0.8,0.9,1.7
10/10/2024 2:59,10/10/2024,2:59 AM,72,86,67.6,7,ESE,10,SE,1003.7,,0,0,0.3,0.5,0.9,1,1.8
10/10/2024 3:00,10/10/2024,3:00 AM,72.1,86,67.7,8,ESE,12,ESE,1003.8,,0,0,0.3,0.6,0.8,1.2,2
10/10/2024 3:01,10/10/2024,3:01 AM,72.2,86,67.8,5,SE,9,SE,1003.8,,0,0,0.3,0.5,0.8,1.3,1.9
10/10/2024 3:02,10/10/2024,3:02 AM,72.2,86,67.8,7,E,12,E,1003.8,,0,0,0.2,0.4,0.7,1.2,1.9
10/10/2024 3:03,10/10/2024,3:03 AM,72.4,87,68.3,6,SE,10,SE,1003.7,,0,0,0.1,0.2,0.7,1.2,1.8
10/10/2024 3:04,10/10/2024,3:04 AM,72.4,86,68,6,ESE,9,SSE,1003.8,,0,0,0.1,0.4,0.6,1.3,1.9
10/10/2024 3:05,10/10/2024,3:05 AM,72.5,86,68.1,6,SE,10,SE,1003.8,,0,0,0,0.3,0.6,1.3,1.9
10/10/2024 3:06,10/10/2024,3:06 AM,72.6,86,68.2,4,SE,9,SE,1003.8,,0,0,0,0.3,0.5,1.2,1.9
10/10/2024 3:07,10/10/2024,3:07 AM,72.6,86,68.2,7,SSE,11,SE,1003.7,,0,0,-0.1,0.1,0.3,1.2,1.7
10/10/2024 3:08,10/10/2024,3:08 AM,72.6,86,68.2,6,SE,8,SE,1003.8,,0,0,0.1,0.2,0.3,1.2,1.8
10/10/2024 3:09,10/10/2024,3:09 AM,72.6,86,68.2,4,SE,8,SE,1003.7,,0,0,-0.1,0,0.3,1.2,1.6
10/10/2024 3:10,10/10/2024,3:10 AM,72.7,86,68.3,9,SE,12,SSE,1003.9,,0,0,0.1,0.1,0.4,1.4,1.8
10/10/2024 3:11,10/10/2024,3:11 AM,72.7,86,68.3,9,ESE,14,ESE,1003.9,,0,0,0.1,0.1,0.4,1.3,1.7
10/10/2024 3:12,10/10/2024,3:12 AM,72.8,86,68.4,11,SE,13,SE,1003.9,,0,0,0.2,0.1,0.3,1.1,1.8
10/10/2024 3:13,10/10/2024,3:13 AM,72.9,86,68.5,10,SE,13,SSE,1003.9,,0,0,0.1,0.2,0.3,1.1,1.5
10/10/2024 3:14,10/10/2024,3:14 AM,73,86,68.6,7,ESE,10,SE,1003.8,,0,0,0.1,0,0.1,1,1.4
10/10/2024 3:15,10/10/2024,3:15 AM,73,86,68.6,7,SE,10,E,1004,,0,0,0.1,0.2,0.2,1,1.7
10/10/2024 3:16,10/10/2024,3:16 AM,73.1,85,68.3,7,SE,11,SE,1003.9,,0,0,0,0.1,0.1,0.9,1.5
10/10/2024 3:17,10/10/2024,3:17 AM,73.1,85,68.3,8,SE,13,SE,1003.9,,0,0,0,0.2,0.1,0.8,1.6
10/10/2024 3:18,10/10/2024,3:18 AM,73.2,85,68.4,5,ESE,8,E,1003.9,,0,0,0,0.1,0.2,0.9,1.4
10/10/2024 3:19,10/10/2024,3:19 AM,73.1,85,68.3,9,ESE,14,SE,1003.9,,0,0,0.1,0.2,0.1,0.7,1.3
10/10/2024 3:20,10/10/2024,3:20 AM,73.2,85,68.4,8,ESE,11,ESE,1003.9,,0,0,-0.1,0,0.1,0.7,1.5
10/10/2024 3:21,10/10/2024,3:21 AM,73.2,85,68.4,6,SE,14,ESE,1003.9,,0,0,0,0,0.1,0.6,1.6
10/10/2024 3:22,10/10/2024,3:22 AM,73.3,85,68.5,7,ESE,13,ESE,1003.8,,0,0,-0.1,-0.1,0.1,0.4,1.4
10/10/2024 3:23,10/10/2024,3:23 AM,73.3,85,68.5,7,SE,11,ESE,1003.9,,0,0,0,0,0.1,0.4,1.6
10/10/2024 3:24,10/10/2024,3:24 AM,73.3,85,68.5,5,SE,9,ESE,1003.8,,0,0,-0.1,0,0.1,0.4,1.3
10/10/2024 3:25,10/10/2024,3:25 AM,73.3,85,68.5,5,SE,10,SE,1003.9,,0,0,0,-0.1,0,0.4,1.5
10/10/2024 3:26,10/10/2024,3:26 AM,73.3,85,68.5,7,SE,12,SE,1003.9,,0,0,0,0,0,0.4,1.4
10/10/2024 3:27,10/10/2024,3:27 AM,73.4,84,68.3,8,ESE,11,SSE,1003.9,,0,0,0.1,0,0,0.3,1.2
10/10/2024 3:28,10/10/2024,3:28 AM,73.3,84,68.2,9,ESE,11,ESE,1003.9,,0,0,0,0,0,0.3,1.2
10/10/2024 3:29,10/10/2024,3:29 AM,73.4,84,68.3,9,ESE,16,ESE,1004,,0,0,0.2,0.1,0.2,0.3,1.3
10/10/2024 3:30,10/10/2024,3:30 AM,73.5,84,68.4,8,SE,13,SE,1003.9,,0,0,0,0,-0.1,0.1,1.3
10/10/2024 3:31,10/10/2024,3:31 AM,73.5,84,68.4,7,ESE,12,ESE,1003.9,,0,0,0,0,0,0.1,1.4
10/10/2024 3:32,10/10/2024,3:32 AM,73.5,84,68.4,9,ESE,14,ESE,1003.9,,0,0,0,0.1,0,0.1,1.3
10/10/2024 3:33,10/10/2024,3:33 AM,73.6,84,68.5,9,SE,14,ESE,1003.9,,0,0,0,0,0,0.2,1.4
10/10/2024 3:34,10/10/2024,3:34 AM,73.6,84,68.5,8,SE,11,SSE,1003.9,,0,0,-0.1,0.1,0,0.1,1.4
10/10/2024 3:35,10/10/2024,3:35 AM,73.6,84,68.5,7,SE,10,E,1004,,0,0,0.1,0.1,0.1,0.2,1.5
10/10/2024 3:36,10/10/2024,3:36 AM,73.6,85,68.8,7,SE,12,ESE,1004,,0,0,0.1,0.1,0.1,0.2,1.4
10/10/2024 3:37,10/10/2024,3:37 AM,73.7,84,68.6,10,SE,17,SSE,1004,,0,0,0.1,0.1,0.2,0.3,1.5
10/10/2024 3:38,10/10/2024,3:38 AM,73.7,84,68.6,9,ESE,15,ESE,1004,,0,0,0.1,0.1,0.1,0.2,1.4
10/10/2024 3:39,10/10/2024,3:39 AM,73.7,84,68.6,7,ESE,12,SSE,1004,,0,0,0.1,0,0.2,0.3,1.5
10/10/2024 3:40,10/10/2024,3:40 AM,73.7,84,68.6,11,SE,16,SE,1004,,0,0,0,0.1,0.1,0.1,1.5
10/10/2024 3:41,10/10/2024,3:41 AM,73.8,84,68.7,10,SE,17,SE,1004.2,,0,0,0.2,0.3,0.3,0.3,1.6
10/10/2024 3:42,10/10/2024,3:42 AM,73.8,84,68.7,9,SE,14,SE,1004.1,,0,0,0.1,0.2,0.2,0.2,1.3
10/10/2024 3:43,10/10/2024,3:43 AM,73.8,84,68.7,7,SE,12,ESE,1004.1,,0,0,0.1,0.2,0.2,0.2,1.3
10/10/2024 3:44,10/10/2024,3:44 AM,73.9,84,68.8,9,SSE,16,SE,1004.1,,0,0,0.1,0.2,0.1,0.3,1.3
10/10/2024 3:45,10/10/2024,3:45 AM,73.9,84,68.8,8,SE,10,SSE,1004.1,,0,0,0.1,0.1,0.2,0.1,1.1
10/10/2024 3:46,10/10/2024,3:46 AM,74,84,68.9,9,SE,14,SSE,1004.1,,0,0,-0.1,0.1,0.2,0.2,1.1
10/10/2024 3:47,10/10/2024,3:47 AM,74,84,68.9,9,SE,15,ESE,1004.3,,0,0,0.2,0.3,0.4,0.4,1.2
10/10/2024 3:48,10/10/2024,3:48 AM,74,84,68.9,8,SE,12,SE,1004.3,,0,0,0.2,0.3,0.4,0.4,1.3
10/10/2024 3:49,10/10/2024,3:49 AM,74,84,68.9,7,ESE,10,SSE,1004.2,,0,0,0.1,0.2,0.3,0.3,1
10/10/2024 3:50,10/10/2024,3:50 AM,74,84,68.9,4,ESE,7,S,1004.3,,0,0,0.2,0.3,0.3,0.4,1.1
10/10/2024 3:51,10/10/2024,3:51 AM,74.1,84,69,5,SSE,8,SSE,1004.3,,0,0,0.2,0.1,0.3,0.4,1
