Date Time,Date,Time,Temp,RH,Dew,Wind Speed,Wind Dir,Wind Run,Hi Speed,Hi Dir,Bar,Rain Accum (1 min),Rain Rate,Pressure_Tendency_5min,Pressure_Tendency_10min,Pressure_Tendency_15min,Pressure_Tendency_30min,Pressure_Tendency_60min
9/26/2024 21:05,9/26/2024,9:05 PM,77.5,89,74.0,27.0,E,0.45,45.0,ENE,985.9,0.0,0.36,-0.6,-1.3,-1.6,,
9/26/2024 21:06,9/26/2024,9:06 PM,77.6,89,74.1,22.0,E,0.37,31.0,ENE,985.7,0.01,0.36,-0.5,-1.6,-1.7,,
9/26/2024 21:07,9/26/2024,9:07 PM,77.6,89,74.1,19.0,E,0.32,45.0,ENE,985.7,0.0,0.35,-0.3,-1.3,-1.6,,
9/26/2024 21:08,9/26/2024,9:08 PM,77.5,89,74.0,23.0,E,0.38,39.0,ENE,985.4,0.01,0.35,-0.5,-1.7,-1.7,,
9/26/2024 21:09,9/26/2024,9:09 PM,77.5,89,74.0,17.0,ENE,0.28,26.0,E,985.3,0.01,0.26,-0.6,-1.4,-1.9,,
9/26/2024 21:10,9/26/2024,9:10 PM,77.5,89,74.0,18.0,E,0.3,26.0,E,985.1,0.0,0.35,-0.8,-1.4,-2.1,,
9/26/2024 21:11,9/26/2024,9:11 PM,77.5,89,74.0,17.0,E,0.28,23.0,ENE,985.4,0.01,0.46,-0.3,-0.8,-1.9,,
9/26/2024 21:12,9/26/2024,9:12 PM,77.5,89,74.0,19.0,E,0.32,26.0,E,984.9,0.01,0.46,-0.8,-1.1,-2.1,,
9/26/2024 21:13,9/26/2024,9:13 PM,77.5,89,74.0,19.0,E,0.32,32.0,ESE,984.6,0.0,0.45,-0.8,-1.3,-2.5,,
9/26/2024 21:14,9/26/2024,9:14 PM,77.4,90,74.2,21.0,E,0.35,30.0,E,984.4,0.01,0.45,-0.9,-1.5,-2.3,,
9/26/2024 21:15,9/26/2024,9:15 PM,77.4,90,74.2,18.0,E,0.3,27.0,ESE,984.3,0.01,0.44,-0.8,-1.6,-2.2,,
9/26/2024 21:16,9/26/2024,9:16 PM,77.4,90,74.2,18.0,E,0.3,25.0,E,984.0,0.0,0.41,-1.4,-1.7,-2.2,-3.7,
9/26/2024 21:17,9/26/2024,9:17 PM,77.4,89,73.9,23.0,E,0.38,39.0,ESE,984.0,0.01,0.41,-0.9,-1.7,-2.0,-3.7,
9/26/2024 21:18,9/26/2024,9:18 PM,77.5,89,74.0,23.0,E,0.38,29.0,E,983.8,0.01,0.37,-0.8,-1.6,-2.1,-3.7,
9/26/2024 21:19,9/26/2024,9:19 PM,77.4,89,73.9,17.0,E,0.28,26.0,NE,983.4,0.0,0.35,-1.0,-1.9,-2.5,-4.2,
9/26/2024 21:20,9/26/2024,9:20 PM,77.4,89,73.9,25.0,E,0.42,30.0,E,983.5,0.0,0.29,-0.8,-1.6,-2.4,-4.0,
9/26/2024 21:21,9/26/2024,9:21 PM,77.5,89,74.0,26.0,E,0.43,39.0,E,983.1,0.01,0.29,-0.9,-2.3,-2.6,-4.3,
9/26/2024 21:22,9/26/2024,9:22 PM,77.5,89,74.0,20.0,E,0.33,25.0,E,982.9,0.0,0.29,-1.1,-2.0,-2.8,-4.4,
9/26/2024 21:23,9/26/2024,9:23 PM,77.5,89,74.0,23.0,ENE,0.38,30.0,ENE,982.7,0.01,0.29,-1.1,-1.9,-2.7,-4.4,
9/26/2024 21:24,9/26/2024,9:24 PM,77.4,89,73.9,18.0,E,0.3,28.0,ENE,982.7,0.0,0.28,-0.7,-1.7,-2.6,-4.5,
9/26/2024 21:25,9/26/2024,9:25 PM,77.3,89,73.8,19.0,E,0.32,29.0,E,982.7,0.01,0.28,-0.8,-1.6,-2.4,-4.5,
9/26/2024 21:26,9/26/2024,9:26 PM,77.3,90,74.1,18.0,ENE,0.3,25.0,ENE,982.5,0.0,0.24,-0.6,-1.5,-2.9,-4.8,
9/26/2024 21:27,9/26/2024,9:27 PM,77.3,90,74.1,26.0,E,0.43,37.0,E,982.7,0.0,0.24,-0.2,-1.3,-2.2,-4.3,
9/26/2024 21:28,9/26/2024,9:28 PM,77.4,90,74.2,23.0,E,0.38,33.0,E,982.5,0.0,0.17,-0.2,-1.3,-2.1,-4.6,
9/26/2024 21:29,9/26/2024,9:29 PM,77.5,89,74.0,20.0,ENE,0.33,31.0,E,982.5,0.0,0.13,-0.2,-0.9,-1.9,-4.2,
9/26/2024 21:30,9/26/2024,9:30 PM,77.5,89,74.0,21.0,E,0.35,30.0,ENE,982.3,0.01,0.13,-0.4,-1.2,-2.0,-4.2,
9/26/2024 21:31,9/26/2024,9:31 PM,77.5,89,74.0,20.0,E,0.33,42.0,E,982.1,0.0,0.13,-0.4,-1.0,-1.9,-4.1,
9/26/2024 21:32,9/26/2024,9:32 PM,77.5,89,74.0,28.0,E,0.47,37.0,E,981.8,0.01,0.25,-0.9,-1.1,-2.2,-4.2,
9/26/2024 21:33,9/26/2024,9:33 PM,77.5,89,74.0,21.0,ENE,0.35,39.0,ENE,982.1,0.0,0.25,-0.4,-0.6,-1.7,-3.8,
9/26/2024 21:34,9/26/2024,9:34 PM,77.5,89,74.0,25.0,E,0.42,37.0,E,981.5,0.01,0.42,-1.0,-1.2,-1.9,-4.4,
9/26/2024 21:35,9/26/2024,9:35 PM,77.5,89,74.0,19.0,E,0.32,30.0,E,981.2,0.01,0.42,-1.1,-1.5,-2.3,-4.7,
9/26/2024 21:36,9/26/2024,9:36 PM,77.5,89,74.0,24.0,E,0.4,36.0,E,981.2,0.01,1.01,-0.9,-1.3,-1.9,-4.5,
9/26/2024 21:37,9/26/2024,9:37 PM,77.5,89,74.0,26.0,E,0.43,35.0,E,980.8,0.01,0.8,-1.0,-1.9,-2.1,-4.9,
9/26/2024 21:38,9/26/2024,9:38 PM,77.4,89,73.9,21.0,E,0.35,27.0,E,981.1,0.02,1.02,-1.0,-1.4,-1.6,-4.3,
9/26/2024 21:39,9/26/2024,9:39 PM,77.3,90,74.1,21.0,E,0.35,29.0,ENE,980.7,0.02,1.61,-0.8,-1.8,-2.0,-4.6,
9/26/2024 21:40,9/26/2024,9:40 PM,77.4,90,74.2,23.0,E,0.38,42.0,E,980.5,0.01,1.61,-0.7,-1.8,-2.2,-4.6,
9/26/2024 21:41,9/26/2024,9:41 PM,77.4,90,74.2,28.0,NE,0.47,40.0,N,980.1,0.01,0.92,-1.1,-2.0,-2.4,-5.3,
9/26/2024 21:42,9/26/2024,9:42 PM,77.3,90,74.1,18.0,W,0.3,37.0,S,980.3,0.01,0.66,-0.5,-1.5,-2.4,-4.6,
9/26/2024 21:43,9/26/2024,9:43 PM,77.2,90,74.0,14.0,WSW,0.23,21.0,WSW,980.1,0.01,0.38,-1.0,-2.0,-2.4,-4.5,
9/26/2024 21:44,9/26/2024,9:44 PM,77.1,90,73.9,17.0,W,0.28,25.0,WSW,979.9,0.01,0.52,-0.8,-1.6,-2.6,-4.5,
9/26/2024 21:45,9/26/2024,9:45 PM,77.2,90,74.0,21.0,W,0.35,31.0,WSW,979.8,0.01,0.82,-0.7,-1.4,-2.5,-4.5,
9/26/2024 21:46,9/26/2024,9:46 PM,77.1,90,73.9,15.0,W,0.25,31.0,W,979.8,0.02,1.1,-0.3,-1.4,-2.3,-4.2,-7.9
9/26/2024 21:47,9/26/2024,9:47 PM,77.0,91,74.2,14.0,W,0.23,22.0,SSW,979.9,0.01,1.1,-0.4,-0.9,-1.9,-4.1,-7.8
9/26/2024 21:48,9/26/2024,9:48 PM,77.0,91,74.2,16.0,W,0.27,21.0,W,979.6,0.0,0.47,-0.5,-1.5,-2.5,-4.2,-7.9
9/26/2024 21:49,9/26/2024,9:49 PM,77.0,91,74.2,21.0,WSW,0.35,38.0,SW,979.7,0.02,0.98,-0.2,-1.0,-1.8,-3.7,-7.9
9/26/2024 21:50,9/26/2024,9:50 PM,77.0,90,73.8,23.0,N,0.38,38.0,NW,979.3,0.01,0.98,-0.5,-1.2,-1.9,-4.2,-8.2
9/26/2024 21:51,9/26/2024,9:51 PM,77.0,91,74.2,12.0,SE,0.2,22.0,ENE,979.1,0.01,1.1,-0.7,-1.0,-2.1,-4.0,-8.3
9/26/2024 21:52,9/26/2024,9:52 PM,77.0,91,74.2,19.0,WNW,0.32,33.0,WNW,978.8,0.03,1.1,-1.1,-1.5,-2.0,-4.1,-8.5
9/26/2024 21:53,9/26/2024,9:53 PM,76.9,91,74.1,21.0,E,0.35,33.0,WNW,978.8,0.0,0.59,-0.8,-1.3,-2.3,-3.9,-8.3
9/26/2024 21:54,9/26/2024,9:54 PM,77.0,91,74.2,35.0,ENE,0.58,46.0,ENE,978.2,0.01,0.59,-1.5,-1.7,-2.5,-4.5,-9.0
9/26/2024 21:55,9/26/2024,9:55 PM,77.1,91,74.3,26.0,E,0.43,47.0,NNE,977.9,0.0,0.39,-1.4,-1.9,-2.6,-4.8,-9.3
9/26/2024 21:56,9/26/2024,9:56 PM,77.1,91,74.3,24.0,E,0.4,39.0,ENE,977.9,0.01,0.39,-1.2,-1.9,-2.2,-4.6,-9.4
9/26/2024 21:57,9/26/2024,9:57 PM,77.1,91,74.3,24.0,E,0.4,37.0,E,977.5,0.0,0.29,-1.3,-2.4,-2.8,-5.2,-9.5
9/26/2024 21:58,9/26/2024,9:58 PM,77.1,91,74.3,21.0,E,0.35,28.0,ENE,976.9,0.01,0.31,-1.9,-2.7,-3.2,-5.6,-10.2
9/26/2024 21:59,9/26/2024,9:59 PM,77.1,91,74.3,30.0,E,0.5,45.0,ENE,976.8,0.02,0.9,-1.4,-2.9,-3.1,-5.7,-9.9
9/26/2024 22:00,9/26/2024,10:00 PM,77.1,90,73.9,32.0,ENE,0.53,50.0,ENE,976.1,0.01,1.13,-1.8,-3.2,-3.7,-6.2,-10.4
9/26/2024 22:01,9/26/2024,10:01 PM,77.1,90,73.9,21.0,ESE,0.35,30.0,ENE,976.2,0.02,0.86,-1.7,-2.9,-3.6,-5.9,-10.0
9/26/2024 22:02,9/26/2024,10:02 PM,77.0,91,74.2,26.0,ENE,0.43,38.0,ESE,975.9,0.01,0.9,-1.6,-2.9,-4.0,-5.9,-10.1
9/26/2024 22:03,9/26/2024,10:03 PM,77.0,91,74.2,29.0,E,0.48,41.0,E,975.7,0.02,0.8,-1.2,-3.1,-3.9,-6.4,-10.2
9/26/2024 22:04,9/26/2024,10:04 PM,77.0,91,74.2,24.0,ENE,0.4,40.0,ENE,975.8,0.01,1.22,-1.0,-2.4,-3.9,-5.7,-10.1
9/26/2024 22:05,9/26/2024,10:05 PM,77.0,91,74.2,28.0,E,0.47,48.0,E,975.3,0.01,1.22,-0.8,-2.6,-4.0,-5.9,-10.6
9/26/2024 22:06,9/26/2024,10:06 PM,77.0,91,74.2,26.0,E,0.43,48.0,E,975.1,0.01,0.61,-1.1,-2.8,-4.0,-6.1,-10.6
9/26/2024 22:07,9/26/2024,10:07 PM,77.1,91,74.3,31.0,E,0.52,48.0,E,974.8,0.01,0.58,-1.1,-2.7,-4.0,-6.0,-10.9
9/26/2024 22:08,9/26/2024,10:08 PM,77.2,90,74.0,40.0,E,0.67,53.0,ESE,974.7,0.01,0.68,-1.0,-2.2,-4.1,-6.4,-10.7
9/26/2024 22:09,9/26/2024,10:09 PM,77.2,90,74.0,25.0,E,0.42,35.0,E,974.8,0.0,0.39,-1.0,-2.0,-3.4,-5.9,-10.5
9/26/2024 22:10,9/26/2024,10:10 PM,77.2,90,74.0,28.0,E,0.47,52.0,NE,974.7,0.0,0.25,-0.6,-1.4,-3.2,-5.8,-10.4
9/26/2024 22:11,9/26/2024,10:11 PM,77.2,90,74.0,33.0,E,0.55,53.0,E,974.2,0.01,0.25,-0.9,-2.0,-3.7,-5.9,-11.2
9/26/2024 22:12,9/26/2024,10:12 PM,77.3,90,74.1,23.0,E,0.38,37.0,ESE,974.2,0.01,0.49,-0.6,-1.7,-3.3,-6.1,-10.7
9/26/2024 22:13,9/26/2024,10:13 PM,77.1,90,73.9,25.0,ENE,0.42,53.0,ENE,973.6,0.01,0.49,-1.1,-2.1,-3.3,-6.5,-11.0
9/26/2024 22:14,9/26/2024,10:14 PM,77.2,90,74.0,31.0,E,0.52,43.0,ENE,973.2,0.0,0.38,-1.6,-2.6,-3.6,-6.7,-11.2
9/26/2024 22:15,9/26/2024,10:15 PM,77.2,90,74.0,34.0,E,0.57,53.0,E,973.4,0.01,1.05,-1.3,-1.9,-2.7,-6.4,-10.9
9/26/2024 22:16,9/26/2024,10:16 PM,77.2,91,74.4,37.0,E,0.62,49.0,E,973.4,0.01,1.05,-0.8,-1.7,-2.8,-6.4,-10.6
9/26/2024 22:17,9/26/2024,10:17 PM,77.1,91,74.3,35.0,E,0.58,45.0,E,972.1,0.01,0.52,-2.1,-2.7,-3.8,-7.8,-11.9
9/26/2024 22:18,9/26/2024,10:18 PM,77.1,91,74.3,35.0,E,0.58,50.0,ENE,972.7,0.01,0.52,-0.9,-2.0,-3.0,-6.9,-11.1
9/26/2024 22:19,9/26/2024,10:19 PM,77.1,90,73.9,37.0,E,0.62,54.0,E,972.7,0.0,0.38,-0.5,-2.1,-3.1,-7.0,-10.7
9/26/2024 22:20,9/26/2024,10:20 PM,77.1,90,73.9,36.0,ENE,0.6,44.0,E,972.7,0.01,0.38,-0.7,-2.0,-2.6,-6.6,-10.8
9/26/2024 22:21,9/26/2024,10:21 PM,77.1,91,74.3,28.0,E,0.47,48.0,ESE,971.6,0.0,0.34,-1.8,-2.6,-3.5,-7.5,-11.5
9/26/2024 22:22,9/26/2024,10:22 PM,77.1,91,74.3,33.0,ESE,0.55,48.0,ESE,971.2,0.01,0.34,-0.9,-3.0,-3.6,-7.6,-11.7
9/26/2024 22:23,9/26/2024,10:23 PM,77.0,91,74.2,30.0,E,0.5,54.0,ENE,971.1,0.0,0.25,-1.6,-2.5,-3.6,-7.7,-11.6
9/26/2024 22:24,9/26/2024,10:24 PM,77.1,91,74.3,29.0,E,0.48,40.0,SE,971.1,0.0,0.25,-1.6,-2.1,-3.7,-7.1,-11.6
9/26/2024 22:25,9/26/2024,10:25 PM,77.1,91,74.3,29.0,E,0.48,35.0,E,971.1,0.01,0.25,-1.6,-2.3,-3.6,-6.8,-11.6
9/26/2024 22:26,9/26/2024,10:26 PM,77.0,91,74.2,31.0,ENE,0.52,53.0,NNE,969.5,0.02,2.87,-2.1,-3.9,-4.7,-8.4,-13.0
9/26/2024 22:27,9/26/2024,10:27 PM,76.9,91,74.1,26.0,ENE,0.43,39.0,W,969.0,0.0,0.49,-2.2,-3.1,-5.2,-8.5,-13.7
9/26/2024 22:28,9/26/2024,10:28 PM,76.8,91,74.0,37.0,E,0.62,74.0,ENE,969.0,0.01,1.06,-2.1,-3.7,-4.6,-7.9,-13.5
9/26/2024 22:29,9/26/2024,10:29 PM,76.8,91,74.0,43.0,E,0.72,59.0,E,968.7,0.02,1.06,-2.4,-4.0,-4.5,-8.1,-13.8
9/26/2024 22:30,9/26/2024,10:30 PM,76.8,92,74.3,34.0,ENE,0.57,73.0,ENE,968.1,0.02,1.07,-3.0,-4.6,-5.3,-8.0,-14.2
9/26/2024 22:31,9/26/2024,10:31 PM,76.7,92,74.2,35.0,E,0.58,46.0,NE,968.2,0.02,1.1,-1.3,-3.4,-5.2,-8.0,-13.9
9/26/2024 22:32,9/26/2024,10:32 PM,76.6,92,74.1,27.0,ENE,0.45,39.0,ENE,967.9,0.02,1.7,-1.1,-3.3,-4.2,-8.0,-13.9
9/26/2024 22:33,9/26/2024,10:33 PM,76.5,92,74.0,38.0,E,0.63,58.0,E,967.7,0.03,2.47,-1.3,-3.4,-5.0,-8.0,-14.4
9/26/2024 22:34,9/26/2024,10:34 PM,76.4,93,74.2,42.0,E,0.7,69.0,E,967.7,0.05,4.14,-1.0,-3.4,-5.0,-8.1,-13.8
9/26/2024 22:35,9/26/2024,10:35 PM,76.3,93,74.1,41.0,E,0.68,54.0,E,966.6,0.03,4.3,-1.5,-4.5,-6.1,-8.7,-14.6
9/26/2024 22:36,9/26/2024,10:36 PM,76.3,93,74.1,40.0,E,0.67,51.0,E,966.5,0.06,4.57,-1.7,-3.0,-5.1,-8.6,-14.7
9/26/2024 22:37,9/26/2024,10:37 PM,76.2,93,74.0,27.0,E,0.45,34.0,SE,966.2,0.05,4.57,-1.7,-2.8,-5.0,-8.6,-14.6
9/26/2024 22:38,9/26/2024,10:38 PM,76.1,93,73.9,36.0,E,0.6,59.0,E,966.2,0.05,4.54,-1.5,-2.8,-4.9,-8.5,-14.9
9/26/2024 22:39,9/26/2024,10:39 PM,76.1,93,73.9,31.0,ENE,0.52,40.0,ENE,965.2,0.03,2.85,-2.5,-3.5,-5.9,-9.6,-15.5
9/26/2024 22:40,9/26/2024,10:40 PM,76.1,93,73.9,36.0,E,0.6,42.0,E,965.2,0.04,2.62,-1.4,-2.9,-5.9,-9.5,-15.3
9/26/2024 22:41,9/26/2024,10:41 PM,76.1,93,73.9,36.0,E,0.6,48.0,E,965.6,0.01,2.62,-0.9,-2.6,-3.9,-8.6,-14.5
9/26/2024 22:42,9/26/2024,10:42 PM,76.2,93,74.0,41.0,E,0.68,53.0,E,965.6,0.03,1.33,-0.6,-2.3,-3.4,-8.6,-14.7
9/26/2024 22:43,9/26/2024,10:43 PM,76.3,93,74.1,31.0,E,0.52,49.0,E,964.7,0.02,1.7,-1.5,-3.0,-4.3,-8.9,-15.4
9/26/2024 22:44,9/26/2024,10:44 PM,76.3,93,74.1,33.0,E,0.55,46.0,ESE,965.0,0.03,1.49,-0.2,-2.7,-3.7,-8.2,-14.9
9/26/2024 22:45,9/26/2024,10:45 PM,76.3,93,74.1,41.0,E,0.68,60.0,ENE,964.6,0.03,2.34,-0.6,-2.0,-3.5,-8.8,-15.2
9/26/2024 22:46,9/26/2024,10:46 PM,76.3,93,74.1,39.0,E,0.65,56.0,ESE,964.6,0.03,2.43,-1.0,-1.9,-3.6,-8.8,-15.2
9/26/2024 22:47,9/26/2024,10:47 PM,76.2,93,74.0,47.0,E,0.78,63.0,ESE,963.2,0.05,3.29,-2.4,-3.0,-4.7,-8.9,-16.7
9/26/2024 22:48,9/26/2024,10:48 PM,76.2,94,74.3,41.0,E,0.68,56.0,E,963.2,0.04,3.29,-1.5,-3.0,-4.5,-9.5,-16.4
9/26/2024 22:49,9/26/2024,10:49 PM,76.1,94,74.2,39.0,E,0.65,55.0,E,963.2,0.02,3.11,-1.8,-2.0,-4.5,-9.5,-16.5
9/26/2024 22:50,9/26/2024,10:50 PM,76.1,94,74.2,33.0,E,0.55,51.0,E,963.2,0.05,4.03,-1.4,-2.0,-3.4,-9.5,-16.1
9/26/2024 22:51,9/26/2024,10:51 PM,76.1,94,74.2,35.0,E,0.58,56.0,ENE,963.2,0.03,2.82,-1.4,-2.4,-3.3,-8.4,-15.9
9/26/2024 22:52,9/26/2024,10:52 PM,76.2,94,74.3,44.0,E,0.73,63.0,E,963.2,0.04,2.82,0.0,-2.4,-3.0,-8.0,-15.6
9/26/2024 22:53,9/26/2024,10:53 PM,76.2,94,74.3,42.0,E,0.7,59.0,E,960.2,0.05,3.47,-3.0,-4.5,-6.0,-10.9,-18.6
9/26/2024 22:54,9/26/2024,10:54 PM,76.2,94,74.3,45.0,E,0.75,56.0,ESE,960.2,0.04,3.6,-3.0,-4.8,-5.0,-10.9,-18.0
9/26/2024 22:55,9/26/2024,10:55 PM,76.3,94,74.4,47.0,E,0.78,61.0,E,958.8,0.04,3.6,-4.4,-5.8,-6.4,-12.3,-19.1
9/26/2024 22:56,9/26/2024,10:56 PM,76.3,94,74.4,39.0,ESE,0.65,62.0,ESE,958.7,0.04,2.39,-4.5,-5.9,-6.9,-10.8,-19.2
9/26/2024 22:57,9/26/2024,10:57 PM,76.3,94,74.4,46.0,E,0.77,70.0,E,958.9,0.03,2.39,-4.3,-4.3,-6.7,-10.1,-18.6
9/26/2024 22:58,9/26/2024,10:58 PM,76.4,94,74.5,49.0,E,0.82,60.0,ESE,958.9,0.03,3.45,-1.3,-4.3,-5.8,-10.1,-18.0
9/26/2024 22:59,9/26/2024,10:59 PM,76.4,94,74.5,40.0,E,0.67,53.0,E,957.0,0.03,2.17,-3.2,-6.2,-8.0,-11.7,-19.8
9/26/2024 23:00,9/26/2024,11:00 PM,76.4,94,74.5,42.0,E,0.7,61.0,SSE,956.5,0.03,2.55,-2.3,-6.7,-8.1,-11.6,-19.6
9/26/2024 23:01,9/26/2024,11:01 PM,76.4,94,74.5,54.0,E,0.9,89.4,E,955.9,0.05,4.09,-2.8,-7.3,-8.7,-12.3,-20.3
9/26/2024 23:02,9/26/2024,11:02 PM,76.3,94,74.4,47.0,E,0.78,87.0,ENE,955.9,0.02,4.09,-3.0,-7.3,-7.3,-12.0,-20.0
9/26/2024 23:03,9/26/2024,11:03 PM,76.4,94,74.5,42.0,E,0.7,53.0,ESE,954.7,0.02,1.56,-4.2,-5.5,-8.5,-13.0,-21.0
9/26/2024 23:04,9/26/2024,11:04 PM,76.4,94,74.5,38.0,ENE,0.63,58.0,ENE,954.7,0.01,1.13,-2.3,-5.5,-8.5,-13.0,-21.1
9/26/2024 23:05,9/26/2024,11:05 PM,76.3,94,74.4,42.0,E,0.7,61.0,E,953.2,0.03,1.3,-3.3,-5.6,-10.0,-13.4,-22.1
9/26/2024 23:06,9/26/2024,11:06 PM,76.3,94,74.4,48.0,ENE,0.8,65.0,E,953.2,0.02,1.67,-2.7,-5.5,-10.0,-13.3,-21.9
9/26/2024 23:07,9/26/2024,11:07 PM,76.4,95,74.9,47.0,ENE,0.78,61.0,NE,953.2,0.01,1.67,-2.7,-5.7,-10.0,-13.0,-21.6
9/26/2024 23:08,9/26/2024,11:08 PM,76.5,95,75.0,38.0,ENE,0.63,59.0,E,951.5,0.01,0.78,-3.2,-7.4,-8.7,-14.7,-23.2
9/26/2024 23:09,9/26/2024,11:09 PM,76.6,95,75.1,36.0,E,0.6,46.0,E,951.5,0.01,0.61,-3.2,-5.5,-8.7,-13.7,-23.3
9/26/2024 23:10,9/26/2024,11:10 PM,76.9,95,75.4,43.0,E,0.72,60.0,E,951.5,0.0,0.32,-1.7,-5.0,-7.3,-13.7,-23.2
9/26/2024 23:11,9/26/2024,11:11 PM,76.9,94,75.0,30.0,E,0.5,43.0,ENE,949.3,0.0,0.21,-3.9,-6.6,-9.4,-16.3,-24.9
9/26/2024 23:12,9/26/2024,11:12 PM,77.1,94,75.2,31.0,ESE,0.52,53.0,ENE,949.3,0.0,0.16,-3.9,-6.6,-9.6,-16.3,-24.9
9/26/2024 23:13,9/26/2024,11:13 PM,77.4,95,75.9,32.0,SE,0.53,46.0,SE,948.7,0.01,0.16,-2.8,-6.0,-10.2,-16.0,-24.9
9/26/2024 23:14,9/26/2024,11:14 PM,77.6,94,75.7,32.0,ESE,0.53,53.0,ESE,949.0,0.0,0.16,-2.5,-5.7,-8.0,-16.0,-24.2
9/26/2024 23:15,9/26/2024,11:15 PM,77.8,94,75.9,36.0,ESE,0.6,46.0,ESE,948.9,0.0,0.16,-2.6,-4.3,-7.6,-15.7,-24.5
9/26/2024 23:16,9/26/2024,11:16 PM,78.1,93,75.9,41.0,ESE,0.68,55.0,ESE,948.9,0.0,0.16,-0.4,-4.3,-7.0,-15.7,-24.5
9/26/2024 23:17,9/26/2024,11:17 PM,78.3,93,76.1,34.0,ESE,0.57,57.0,SE,948.9,0.0,0.13,-0.4,-4.3,-7.0,-14.3,-23.2
9/26/2024 23:18,9/26/2024,11:18 PM,78.5,93,76.3,32.0,SE,0.53,51.0,ESE,948.8,0.0,0.1,0.1,-2.7,-5.9,-14.4,-23.9
9/26/2024 23:19,9/26/2024,11:19 PM,78.6,93,76.4,29.0,SE,0.48,38.0,SE,949.0,0.0,0.09,0.0,-2.5,-5.7,-14.2,-23.7
9/26/2024 23:20,9/26/2024,11:20 PM,78.8,93,76.6,31.0,SE,0.52,40.0,SE,949.0,0.0,0.08,0.1,-2.5,-4.2,-14.2,-23.7
9/26/2024 23:21,9/26/2024,11:21 PM,78.8,93,76.6,19.0,SE,0.32,26.0,SE,949.0,0.0,0.07,0.1,-0.3,-4.2,-14.2,-22.6
9/26/2024 23:22,9/26/2024,11:22 PM,78.8,93,76.6,20.0,SE,0.33,28.0,SE,948.5,0.0,0.06,-0.4,-0.8,-4.7,-14.7,-22.7
9/26/2024 23:23,9/26/2024,11:23 PM,78.8,93,76.6,26.0,SE,0.43,35.0,SE,948.5,0.0,0.05,-0.3,-0.2,-3.0,-11.7,-22.6
9/26/2024 23:24,9/26/2024,11:24 PM,78.9,93,76.7,22.0,SE,0.37,37.0,S,948.5,0.0,0.05,-0.5,-0.5,-3.0,-11.7,-22.6
9/26/2024 23:25,9/26/2024,11:25 PM,78.9,93,76.7,20.0,ESE,0.33,34.0,SSE,948.1,0.0,0.05,-0.9,-0.8,-3.4,-10.7,-23.0
9/26/2024 23:26,9/26/2024,11:26 PM,79.1,93,76.9,26.0,SSE,0.43,45.0,SE,948.1,0.0,0.04,-0.9,-0.8,-1.2,-10.6,-21.4
9/26/2024 23:27,9/26/2024,11:27 PM,79.1,93,76.9,23.0,ESE,0.38,33.0,SSE,948.5,0.0,0.04,0.0,-0.4,-0.8,-10.4,-20.5
9/26/2024 23:28,9/26/2024,11:28 PM,79.1,93,76.9,16.0,SE,0.27,26.0,SSE,948.2,0.0,0.04,-0.3,-0.6,-0.5,-10.7,-20.8
9/26/2024 23:29,9/26/2024,11:29 PM,79.2,93,77.0,19.0,SSE,0.32,26.0,S,948.1,0.0,0.04,-0.4,-0.9,-0.9,-8.9,-20.6
9/26/2024 23:30,9/26/2024,11:30 PM,79.2,93,77.0,19.0,S,0.32,28.0,S,948.0,0.0,0.0,-0.1,-1.0,-0.9,-8.5,-20.1
9/26/2024 23:31,9/26/2024,11:31 PM,79.3,93,77.1,20.0,SSE,0.33,26.0,SSE,948.2,0.0,0.0,0.1,-0.8,-0.7,-7.7,-20.0
9/26/2024 23:32,9/26/2024,11:32 PM,79.3,93,77.1,,,0.38,,,948.0,0.0,0.0,-0.5,-0.5,-0.9,-7.9,-19.9
9/26/2024 23:33,9/26/2024,11:33 PM,79.5,93,77.3,,,0.77,,,947.9,0.0,0.0,-0.3,-0.6,-0.9,-6.8,-19.8
9/26/2024 23:34,9/26/2024,11:34 PM,79.8,93,77.6,,,0.78,,,948.0,0.0,0.0,-0.1,-0.5,-1.0,-6.7,-19.7
9/26/2024 23:35,9/26/2024,11:35 PM,79.9,93,77.7,,,0.48,,,948.3,0.0,0.0,0.3,0.2,-0.7,-4.9,-18.3
9/26/2024 23:36,9/26/2024,11:36 PM,80.1,93,77.9,,,0.22,,,948.8,0.0,0.0,0.6,0.7,-0.2,-4.4,-17.7
9/26/2024 23:37,9/26/2024,11:37 PM,80.2,94,78.3,,,0.17,,,949.0,0.0,0.0,1.0,0.5,0.5,-4.2,-17.2
9/26/2024 23:38,9/26/2024,11:38 PM,80.4,94,78.5,,,0.32,,,949.1,0.0,0.0,1.2,0.9,0.6,-2.4,-17.1
9/26/2024 23:39,9/26/2024,11:39 PM,80.5,94,78.6,,,0.35,,,949.5,0.0,0.0,1.5,1.4,1.0,-2.0,-15.7
9/26/2024 23:40,9/26/2024,11:40 PM,80.6,93,78.4,,,0.3,,,949.6,0.0,0.0,1.3,1.6,1.5,-1.9,-15.6
9/26/2024 23:41,9/26/2024,11:41 PM,80.7,93,78.5,11.0,SSW,0.18,18.0,WSW,949.5,0.0,0.0,0.7,1.3,1.4,0.2,-16.1
9/26/2024 23:42,9/26/2024,11:42 PM,80.7,92,78.2,17.0,SW,0.28,27.0,SW,949.7,0.0,0.0,0.7,1.7,1.2,0.4,-15.9
9/26/2024 23:43,9/26/2024,11:43 PM,80.7,92,78.2,14.0,SSW,0.23,20.0,SSW,949.9,0.0,0.0,0.8,2.0,1.7,1.2,-14.8
9/26/2024 23:44,9/26/2024,11:44 PM,80.7,91,77.8,18.0,SSW,0.3,26.0,SSE,950.0,0.0,0.0,0.5,2.0,1.9,1.0,-15.0
9/26/2024 23:45,9/26/2024,11:45 PM,80.5,91,77.6,16.0,SW,0.27,26.0,SSE,950.3,0.0,0.0,0.7,2.0,2.3,1.4,-14.3
9/26/2024 23:46,9/26/2024,11:46 PM,80.2,91,77.3,15.0,SSW,0.25,22.0,SSW,950.7,0.0,0.0,1.2,1.9,2.5,1.8,-13.9
9/26/2024 23:47,9/26/2024,11:47 PM,80.0,90,76.8,25.0,S,0.42,39.0,SW,951.2,0.0,0.0,1.5,2.2,3.2,2.3,-12.0
9/26/2024 23:48,9/26/2024,11:48 PM,79.6,90,76.4,24.0,SSW,0.4,35.0,SW,951.7,0.0,0.0,1.8,2.6,3.8,2.9,-11.5
9/26/2024 23:49,9/26/2024,11:49 PM,79.3,90,76.1,22.0,SW,0.37,33.0,WSW,952.4,0.0,0.0,2.4,2.9,4.4,3.4,-10.8
9/26/2024 23:50,9/26/2024,11:50 PM,79.1,90,75.9,26.0,SW,0.43,35.0,SSW,952.4,0.0,0.0,2.1,2.8,4.1,3.4,-10.8
9/26/2024 23:51,9/26/2024,11:51 PM,78.8,90,75.6,25.0,SW,0.42,33.0,SW,953.0,0.0,0.0,2.3,3.5,4.2,4.0,-10.2
9/26/2024 23:52,9/26/2024,11:52 PM,78.5,90,75.3,17.0,SW,0.28,34.0,NE,953.5,0.0,0.0,2.3,3.8,4.5,5.0,-9.7
9/26/2024 23:53,9/26/2024,11:53 PM,78.3,90,75.1,25.0,SSW,0.42,33.0,SSW,953.1,0.0,0.0,1.4,3.2,4.0,4.6,-7.1
9/26/2024 23:54,9/26/2024,11:54 PM,78.3,90,75.1,33.0,W,0.55,39.0,W,953.1,0.0,0.0,0.7,3.1,3.6,4.6,-7.1
9/26/2024 23:55,9/26/2024,11:55 PM,78.2,90,75.0,31.0,WNW,0.52,39.0,WNW,954.5,0.0,0.0,2.1,4.2,4.9,6.4,-4.3
9/26/2024 23:56,9/26/2024,11:56 PM,78.1,90,74.9,32.0,WNW,0.53,39.0,WNW,955.0,0.0,0.0,2.0,4.3,5.5,6.9,-3.7
9/26/2024 23:57,9/26/2024,11:57 PM,78.1,90,74.9,33.0,WNW,0.55,44.0,NW,955.0,0.0,0.0,1.5,3.8,5.3,6.5,-3.9
9/26/2024 23:58,9/26/2024,11:58 PM,78.0,90,74.8,35.0,WNW,0.58,52.0,WNW,956.3,0.0,0.0,3.2,4.6,6.4,8.1,-2.6
9/26/2024 23:59,9/26/2024,11:59 PM,78.0,90,74.8,34.0,WNW,0.57,39.0,W,956.3,0.0,0.0,3.2,3.9,6.3,8.2,-0.7
9/27/2024 0:00,9/27/2024,12:00 AM,77.9,90,74.7,31.0,WNW,0.52,40.0,WNW,957.4,0.0,0.0,2.9,5.0,7.1,9.4,0.9
9/27/2024 0:01,9/27/2024,12:01 AM,77.8,90,74.6,28.0,WNW,0.47,40.0,W,957.4,0.0,0.0,2.4,4.4,6.7,9.2,1.5
9/27/2024 0:02,9/27/2024,12:02 AM,77.8,90,74.6,31.0,WNW,0.52,48.0,W,958.9,0.0,0.0,3.9,5.4,7.7,10.9,3.0
9/27/2024 0:03,9/27/2024,12:03 AM,77.8,91,75.0,27.0,WNW,0.45,36.0,W,958.9,0.0,0.0,2.6,5.8,7.2,11.0,4.2
9/27/2024 0:04,9/27/2024,12:04 AM,77.7,90,74.5,31.0,WNW,0.52,37.0,W,958.9,0.0,0.0,2.6,5.8,6.5,10.9,4.2
9/27/2024 0:05,9/27/2024,12:05 AM,77.7,91,74.9,29.0,WNW,0.48,37.0,WNW,961.1,0.0,0.0,3.7,6.6,8.7,12.8,7.9
9/27/2024 0:06,9/27/2024,12:06 AM,77.7,90,74.5,29.0,WNW,0.48,50.0,W,961.7,0.0,0.0,4.3,6.7,8.7,12.9,8.5
9/27/2024 0:07,9/27/2024,12:07 AM,77.8,90,74.6,30.0,SW,0.5,47.0,S,962.0,0.0,0.0,3.1,7.0,8.5,13.0,8.8
9/27/2024 0:08,9/27/2024,12:08 AM,77.8,90,74.6,28.0,SSW,0.47,40.0,SSW,962.3,0.0,0.0,3.4,6.0,9.2,13.2,10.8
9/27/2024 0:09,9/27/2024,12:09 AM,77.9,90,74.7,27.0,SSW,0.45,37.0,SSW,962.8,0.0,0.0,3.9,6.5,9.7,13.3,11.3
9/27/2024 0:10,9/27/2024,12:10 AM,77.8,90,74.6,22.0,SSW,0.37,37.0,SSE,962.8,0.0,0.0,1.7,5.4,8.3,13.2,11.3
9/27/2024 0:11,9/27/2024,12:11 AM,77.8,90,74.6,24.0,S,0.4,37.0,SSE,964.1,0.0,0.0,2.4,6.7,9.1,14.6,14.8
9/27/2024 0:12,9/27/2024,12:12 AM,77.8,90,74.6,21.0,W,0.35,33.0,WNW,964.6,0.0,0.0,2.6,5.7,9.6,14.9,15.3
9/27/2024 0:13,9/27/2024,12:13 AM,77.7,90,74.5,19.0,WNW,0.32,33.0,WNW,965.2,0.0,0.0,2.9,6.3,8.9,15.3,16.5
9/27/2024 0:14,9/27/2024,12:14 AM,77.7,90,74.5,22.0,W,0.37,35.0,W,965.2,0.0,0.0,2.4,6.3,8.9,15.2,16.2
9/27/2024 0:15,9/27/2024,12:15 AM,77.8,90,74.6,23.0,WNW,0.38,38.0,WNW,965.8,0.0,0.0,3.0,4.7,8.4,15.5,16.9
9/27/2024 0:16,9/27/2024,12:16 AM,77.7,90,74.5,25.0,WNW,0.42,39.0,NW,965.8,0.0,0.0,1.7,4.1,8.4,15.1,16.9
9/27/2024 0:17,9/27/2024,12:17 AM,77.7,90,74.5,26.0,WNW,0.43,42.0,WNW,966.8,0.0,0.0,2.2,4.8,7.9,15.6,17.9
9/27/2024 0:18,9/27/2024,12:18 AM,78.0,90,74.8,26.0,WNW,0.43,35.0,NW,966.9,0.0,0.0,1.7,4.6,8.0,15.2,18.1
9/27/2024 0:19,9/27/2024,12:19 AM,77.9,90,74.7,24.0,W,0.4,44.0,NNW,966.9,0.0,0.0,1.7,4.1,8.0,14.5,17.9
9/27/2024 0:20,9/27/2024,12:20 AM,77.9,90,74.7,26.0,WNW,0.43,43.0,WNW,967.8,0.0,0.0,2.0,5.0,6.7,15.4,18.8
9/27/2024 0:21,9/27/2024,12:21 AM,77.9,90,74.7,22.0,NW,0.37,30.0,ENE,967.8,0.0,0.0,2.0,3.7,6.1,14.8,18.8
9/27/2024 0:22,9/27/2024,12:22 AM,78.0,90,74.8,23.0,WNW,0.38,35.0,NW,968.6,0.0,0.0,1.8,4.0,6.6,15.1,20.1
9/27/2024 0:23,9/27/2024,12:23 AM,77.9,91,75.1,19.0,WNW,0.32,43.0,WNW,968.6,0.0,0.0,1.7,3.4,6.3,15.5,20.1
9/27/2024 0:24,9/27/2024,12:24 AM,77.9,91,75.1,22.0,WNW,0.37,41.0,WNW,969.7,0.0,0.0,2.8,4.5,6.9,16.6,21.2
9/27/2024 0:25,9/27/2024,12:25 AM,77.9,91,75.1,17.0,WNW,0.28,26.0,NNW,970.1,0.0,0.0,2.3,4.3,7.3,15.6,22.0
9/27/2024 0:26,9/27/2024,12:26 AM,77.9,91,75.1,19.0,NW,0.32,35.0,WNW,970.3,0.0,0.0,2.5,4.5,6.2,15.3,22.2
9/27/2024 0:27,9/27/2024,12:27 AM,77.9,91,75.1,22.0,NW,0.37,30.0,WNW,970.9,0.0,0.0,2.3,4.1,6.3,15.9,22.4
9/27/2024 0:28,9/27/2024,12:28 AM,78.0,90,74.8,20.0,WNW,0.33,28.0,NW,971.1,0.0,0.0,2.5,4.2,5.9,14.8,22.9
9/27/2024 0:29,9/27/2024,12:29 AM,78.0,90,74.8,18.0,WNW,0.3,30.0,WNW,971.6,0.0,0.0,1.9,4.7,6.4,15.3,23.5
9/27/2024 0:30,9/27/2024,12:30 AM,78.1,90,74.9,26.0,NW,0.43,47.0,WNW,971.6,0.0,0.0,1.5,3.8,5.8,14.2,23.6
9/27/2024 0:31,9/27/2024,12:31 AM,78.1,90,74.9,17.0,NW,0.28,21.0,NW,971.6,0.0,0.0,1.3,3.8,5.8,14.2,23.4
9/27/2024 0:32,9/27/2024,12:32 AM,78.0,91,75.2,19.0,WNW,0.32,32.0,WNW,973.0,0.0,0.0,2.1,4.4,6.2,14.1,25.0
9/27/2024 0:33,9/27/2024,12:33 AM,78.0,91,75.2,16.0,NW,0.27,24.0,NW,973.4,0.0,0.0,2.3,4.8,6.5,14.5,25.5
9/27/2024 0:34,9/27/2024,12:34 AM,78.1,90,74.9,23.0,WNW,0.38,37.0,NNW,973.7,0.0,0.0,2.1,4.0,6.8,14.8,25.7
9/27/2024 0:35,9/27/2024,12:35 AM,78.1,90,74.9,23.0,WNW,0.38,34.0,NNW,973.9,0.0,0.0,2.3,3.8,6.1,12.8,25.6
9/27/2024 0:36,9/27/2024,12:36 AM,78.2,90,75.0,23.0,NW,0.38,35.0,WNW,974.3,0.0,0.0,2.7,4.0,6.5,12.6,25.5
9/27/2024 0:37,9/27/2024,12:37 AM,78.1,90,74.9,14.0,SSE,0.23,21.0,SSE,974.7,0.0,0.0,1.7,3.8,6.1,12.7,25.7
9/27/2024 0:38,9/27/2024,12:38 AM,78.1,90,74.9,27.0,NW,0.45,42.0,N,974.7,0.0,0.0,1.3,3.6,6.1,12.4,25.6
9/27/2024 0:39,9/27/2024,12:39 AM,78.1,91,75.3,26.0,NNE,0.43,44.0,NE,975.1,0.0,0.0,1.4,3.5,5.4,12.3,25.6
9/27/2024 0:40,9/27/2024,12:40 AM,78.1,91,75.3,28.0,NE,0.47,42.0,NE,975.3,0.0,0.0,1.4,3.7,5.2,12.5,25.7
9/27/2024 0:41,9/27/2024,12:41 AM,78.1,90,74.9,24.0,W,0.4,43.0,W,975.4,0.0,0.0,1.1,3.8,5.1,11.3,25.9
9/27/2024 0:42,9/27/2024,12:42 AM,78.0,91,75.2,27.0,NW,0.45,37.0,NNW,976.1,0.0,0.0,1.4,3.1,5.2,11.5,26.4
9/27/2024 0:43,9/27/2024,12:43 AM,78.0,90,74.8,25.0,NW,0.42,38.0,NW,976.3,0.0,0.0,1.6,2.9,5.2,11.1,26.4
9/27/2024 0:44,9/27/2024,12:44 AM,78.0,90,74.8,26.0,NE,0.43,36.0,ENE,976.2,0.0,0.0,1.1,2.5,4.6,11.0,26.2
9/27/2024 0:45,9/27/2024,12:45 AM,78.0,90,74.8,21.0,N,0.35,28.0,NNE,976.7,0.0,0.0,1.4,2.8,5.1,10.9,26.4
9/27/2024 0:46,9/27/2024,12:46 AM,77.9,92,75.4,16.0,NNW,0.27,26.0,NNW,976.9,0.0,0.0,1.5,2.6,5.3,11.1,26.2
9/27/2024 0:47,9/27/2024,12:47 AM,77.9,91,75.1,11.0,WNW,0.18,15.0,NW,977.3,0.0,0.0,1.2,2.6,4.3,10.5,26.1
9/27/2024 0:48,9/27/2024,12:48 AM,77.8,91,75.0,20.0,NE,0.33,42.0,NE,977.6,0.0,0.0,1.3,2.9,4.2,10.7,25.9
9/27/2024 0:49,9/27/2024,12:49 AM,77.8,91,75.0,13.0,ENE,0.22,33.0,W,977.8,0.0,0.0,1.6,2.7,4.1,10.9,25.4
9/27/2024 0:50,9/27/2024,12:50 AM,77.9,91,75.1,20.0,SW,0.33,35.0,WSW,978.0,0.0,0.0,1.3,2.7,4.1,10.2,25.6
9/27/2024 0:51,9/27/2024,12:51 AM,78.0,91,75.2,23.0,WSW,0.38,32.0,W,978.1,0.0,0.0,1.2,2.7,3.8,10.3,25.1
9/27/2024 0:52,9/27/2024,12:52 AM,77.9,91,75.1,22.0,W,0.37,35.0,W,978.7,0.01,0.0,1.4,2.6,4.0,10.1,25.2
9/27/2024 0:53,9/27/2024,12:53 AM,78.0,91,75.2,30.0,WSW,0.5,41.0,WSW,978.8,0.0,0.0,1.2,2.5,4.1,10.2,25.7
9/27/2024 0:54,9/27/2024,12:54 AM,78.0,91,75.2,22.0,W,0.37,33.0,WSW,978.9,0.0,0.0,1.1,2.7,3.8,9.2,25.8
9/27/2024 0:55,9/27/2024,12:55 AM,78.0,91,75.2,26.0,WSW,0.43,38.0,W,979.2,0.0,0.0,1.2,2.5,3.9,9.1,24.7
9/27/2024 0:56,9/27/2024,12:56 AM,78.0,91,75.2,20.0,WSW,0.33,33.0,WSW,979.3,0.0,0.0,1.2,2.4,3.9,9.0,24.3
9/27/2024 0:57,9/27/2024,12:57 AM,78.1,91,75.3,21.0,W,0.35,29.0,W,979.2,0.0,0.1,0.5,1.9,3.1,8.3,24.2
9/27/2024 0:58,9/27/2024,12:58 AM,78.1,91,75.3,26.0,WSW,0.43,45.0,WSW,979.2,0.01,0.1,0.4,1.6,2.9,8.1,22.9
9/27/2024 0:59,9/27/2024,12:59 AM,78.0,91,75.2,26.0,WSW,0.43,38.0,WSW,980.2,0.0,0.1,1.3,2.4,4.0,8.6,23.9
9/27/2024 1:00,9/27/2024,1:00 AM,78.1,91,75.3,27.0,WSW,0.45,38.0,W,980.3,0.0,0.1,1.1,2.3,3.6,8.7,22.9
9/27/2024 1:01,9/27/2024,1:01 AM,78.0,91,75.2,19.0,W,0.32,27.0,W,980.5,0.0,0.1,1.2,2.4,3.6,8.9,23.1
9/27/2024 1:02,9/27/2024,1:02 AM,78.0,91,75.2,26.0,WSW,0.43,37.0,WSW,980.7,0.01,0.14,1.5,2.0,3.4,7.7,21.8
9/27/2024 1:03,9/27/2024,1:03 AM,78.0,91,75.2,22.0,WNW,0.37,34.0,W,980.8,0.0,0.14,1.6,2.0,3.2,7.4,21.9
9/27/2024 1:04,9/27/2024,1:04 AM,78.0,91,75.2,23.0,WSW,0.38,34.0,W,981.0,0.0,0.14,0.8,2.1,3.2,7.3,22.1
9/27/2024 1:05,9/27/2024,1:05 AM,78.0,91,75.2,22.0,W,0.37,39.0,SW,981.2,0.0,0.14,0.9,2.0,3.2,7.3,20.1
9/27/2024 1:06,9/27/2024,1:06 AM,78.1,91,75.3,21.0,W,0.35,34.0,WSW,981.3,0.0,0.14,0.8,2.0,3.2,7.0,19.6
9/27/2024 1:07,9/27/2024,1:07 AM,78.2,91,75.4,19.0,WSW,0.32,26.0,W,981.3,0.0,0.11,0.6,2.1,2.6,6.6,19.3
9/27/2024 1:08,9/27/2024,1:08 AM,78.2,91,75.4,18.0,W,0.3,27.0,WSW,981.6,0.0,0.09,0.8,2.4,2.8,6.9,19.3
9/27/2024 1:09,9/27/2024,1:09 AM,78.2,91,75.4,22.0,WSW,0.37,31.0,W,981.9,0.0,0.08,0.9,1.7,3.0,6.8,19.1
9/27/2024 1:10,9/27/2024,1:10 AM,78.3,91,75.5,24.0,W,0.4,37.0,WSW,982.0,0.0,0.07,0.8,1.7,2.8,6.7,19.2
9/27/2024 1:11,9/27/2024,1:11 AM,78.4,91,75.6,26.0,W,0.43,37.0,WSW,982.2,0.0,0.06,0.9,1.7,2.9,6.8,18.1
9/27/2024 1:12,9/27/2024,1:12 AM,78.4,91,75.6,22.0,WSW,0.37,28.0,W,982.2,0.0,0.06,0.9,1.5,3.0,6.1,17.6
9/27/2024 1:13,9/27/2024,1:13 AM,78.4,91,75.6,19.0,WSW,0.32,29.0,WSW,982.3,0.0,0.05,0.7,1.5,3.1,6.0,17.1
9/27/2024 1:14,9/27/2024,1:14 AM,78.5,91,75.7,18.0,WSW,0.3,28.0,W,982.5,0.0,0.05,0.6,1.5,2.3,6.3,17.3
9/27/2024 1:15,9/27/2024,1:15 AM,78.4,91,75.6,24.0,WSW,0.4,35.0,WSW,982.8,0.0,0.04,0.8,1.6,2.5,6.1,17.0
9/27/2024 1:16,9/27/2024,1:16 AM,78.6,91,75.8,22.0,W,0.37,33.0,W,983.1,0.0,0.04,0.9,1.8,2.6,6.2,17.3
9/27/2024 1:17,9/27/2024,1:17 AM,78.7,91,75.8,25.0,WSW,0.42,35.0,WSW,983.2,0.0,0.04,1.0,1.9,2.5,5.9,16.4
9/27/2024 1:18,9/27/2024,1:18 AM,78.8,90,75.6,22.0,WSW,0.37,35.0,WSW,983.3,0.0,0.04,1.0,1.7,2.5,5.7,16.4
9/27/2024 1:19,9/27/2024,1:19 AM,78.7,90,75.5,17.0,WSW,0.28,30.0,WSW,983.5,0.0,0.0,1.0,1.6,2.5,5.7,16.6
9/27/2024 1:20,9/27/2024,1:20 AM,78.7,91,75.8,19.0,W,0.32,27.0,W,983.5,0.0,0.0,0.7,1.5,2.3,5.5,15.7
9/27/2024 1:21,9/27/2024,1:21 AM,78.8,90,75.6,24.0,W,0.4,38.0,W,983.8,0.0,0.0,0.7,1.6,2.5,5.7,16.0
9/27/2024 1:22,9/27/2024,1:22 AM,78.9,90,75.7,24.0,SW,0.4,34.0,SW,983.7,0.0,0.0,0.5,1.5,2.4,5.0,15.1
9/27/2024 1:23,9/27/2024,1:23 AM,78.9,90,75.7,22.0,WSW,0.37,30.0,SW,983.8,0.0,0.0,0.5,1.5,2.2,5.0,15.2
9/27/2024 1:24,9/27/2024,1:24 AM,78.9,90,75.7,19.0,WSW,0.32,29.0,WSW,984.0,0.0,0.0,0.5,1.5,2.1,5.1,14.3
9/27/2024 1:25,9/27/2024,1:25 AM,79.0,90,75.8,23.0,WSW,0.38,32.0,WSW,984.1,0.0,0.0,0.6,1.3,2.1,4.9,14.0
9/27/2024 1:26,9/27/2024,1:26 AM,79.0,89,75.5,25.0,WSW,0.42,32.0,W,984.4,0.0,0.0,0.6,1.3,2.2,5.1,14.1
9/27/2024 1:27,9/27/2024,1:27 AM,79.1,89,75.6,19.0,WSW,0.32,32.0,WNW,984.2,0.0,0.0,0.5,1.0,2.0,5.0,13.3
9/27/2024 1:28,9/27/2024,1:28 AM,79.1,89,75.6,22.0,W,0.37,32.0,WNW,984.4,0.0,0.0,0.6,1.1,2.1,5.2,13.3
9/27/2024 1:29,9/27/2024,1:29 AM,79.1,88,75.2,26.0,WSW,0.43,41.0,W,984.4,0.0,0.0,0.4,0.9,1.9,4.2,12.8
9/27/2024 1:30,9/27/2024,1:30 AM,79.3,88,75.4,22.0,WSW,0.37,29.0,WSW,984.8,0.0,0.0,0.7,1.3,2.0,4.5,13.2
9/27/2024 1:31,9/27/2024,1:31 AM,79.3,88,75.4,22.0,W,0.37,32.0,W,984.9,0.0,0.0,0.5,1.1,1.8,4.4,13.3
9/27/2024 1:32,9/27/2024,1:32 AM,79.3,88,75.4,18.0,W,0.3,39.0,WNW,985.1,0.0,0.0,0.9,1.4,1.9,4.4,12.1
9/27/2024 1:33,9/27/2024,1:33 AM,79.3,88,75.4,15.0,W,0.25,20.0,WSW,985.2,0.0,0.0,0.8,1.4,1.9,4.4,11.8
9/27/2024 1:34,9/27/2024,1:34 AM,79.3,88,75.4,18.0,W,0.3,25.0,W,985.3,0.0,0.0,0.9,1.3,1.8,4.3,11.6
9/27/2024 1:35,9/27/2024,1:35 AM,79.3,88,75.4,22.0,W,0.37,32.0,WSW,985.7,0.0,0.0,0.9,1.6,2.2,4.5,11.8
9/27/2024 1:36,9/27/2024,1:36 AM,79.4,88,75.5,21.0,WSW,0.35,30.0,W,985.7,0.0,0.0,0.8,1.3,1.9,4.4,11.4
9/27/2024 1:37,9/27/2024,1:37 AM,79.4,88,75.5,22.0,W,0.37,33.0,WSW,985.9,0.0,0.0,0.8,1.7,2.2,4.6,11.2
9/27/2024 1:38,9/27/2024,1:38 AM,79.4,87,75.2,22.0,WSW,0.37,32.0,W,986.1,0.0,0.0,0.9,1.7,2.3,4.5,11.4
9/27/2024 1:39,9/27/2024,1:39 AM,79.4,88,75.5,22.0,WSW,0.37,28.0,WSW,986.0,0.0,0.0,0.7,1.6,2.0,4.1,10.9
9/27/2024 1:40,9/27/2024,1:40 AM,79.4,88,75.5,22.0,WSW,0.37,30.0,W,986.5,0.0,0.0,0.8,1.7,2.4,4.5,11.2
9/27/2024 1:41,9/27/2024,1:41 AM,79.4,88,75.5,26.0,W,0.43,37.0,WNW,986.5,0.0,0.0,0.8,1.6,2.1,4.3,11.1
9/27/2024 1:42,9/27/2024,1:42 AM,79.4,87,75.2,28.0,WSW,0.47,47.0,SW,986.6,0.0,0.0,0.7,1.5,2.4,4.4,10.5
9/27/2024 1:43,9/27/2024,1:43 AM,79.3,88,75.4,23.0,WSW,0.38,33.0,W,986.8,0.0,0.0,0.7,1.6,2.4,4.5,10.5
9/27/2024 1:44,9/27/2024,1:44 AM,79.2,88,75.3,18.0,W,0.3,28.0,WSW,986.9,0.0,0.0,0.9,1.6,2.5,4.4,10.7
9/27/2024 1:45,9/27/2024,1:45 AM,79.1,88,75.2,20.0,WSW,0.33,25.0,WNW,987.0,0.0,0.0,0.5,1.3,2.2,4.2,10.3
9/27/2024 1:46,9/27/2024,1:46 AM,79.0,89,75.5,19.0,WSW,0.32,26.0,WSW,987.1,0.0,0.0,0.6,1.4,2.2,4.0,10.2
9/27/2024 1:47,9/27/2024,1:47 AM,78.9,89,75.4,20.0,W,0.33,28.0,W,987.2,0.0,0.0,0.6,1.3,2.1,4.0,9.9
9/27/2024 1:48,9/27/2024,1:48 AM,78.9,89,75.4,22.0,WSW,0.37,36.0,W,987.2,0.0,0.0,0.4,1.1,2.0,3.9,9.6
9/27/2024 1:49,9/27/2024,1:49 AM,78.8,89,75.3,15.0,W,0.25,22.0,SW,987.4,0.0,0.0,0.5,1.4,2.1,3.9,9.6
9/27/2024 1:50,9/27/2024,1:50 AM,78.8,89,75.3,19.0,W,0.32,32.0,WSW,987.3,0.0,0.0,0.3,0.8,1.6,3.8,9.3
9/27/2024 1:51,9/27/2024,1:51 AM,78.7,90,75.5,19.0,W,0.32,27.0,W,987.6,0.0,0.0,0.5,1.1,1.9,3.8,9.5
9/27/2024 1:52,9/27/2024,1:52 AM,78.6,90,75.4,18.0,WSW,0.3,29.0,WSW,987.7,0.0,0.0,0.5,1.1,1.8,4.0,9.0
9/27/2024 1:53,9/27/2024,1:53 AM,78.5,90,75.3,19.0,WSW,0.32,30.0,WNW,987.6,0.01,0.0,0.4,0.8,1.5,3.8,8.8
9/27/2024 1:54,9/27/2024,1:54 AM,78.5,90,75.3,17.0,WNW,0.28,30.0,WNW,987.7,0.0,0.0,0.3,0.8,1.7,3.7,8.8
9/27/2024 1:55,9/27/2024,1:55 AM,78.4,90,75.2,19.0,WSW,0.32,27.0,WSW,987.9,0.0,0.0,0.6,0.9,1.4,3.8,8.7
9/27/2024 1:56,9/27/2024,1:56 AM,78.3,90,75.1,20.0,W,0.33,25.0,W,988.0,0.0,0.0,0.4,0.9,1.5,3.6,8.7
9/27/2024 1:57,9/27/2024,1:57 AM,78.2,91,75.4,15.0,W,0.25,21.0,WSW,988.1,0.0,0.0,0.4,0.9,1.5,3.9,8.9
9/27/2024 1:58,9/27/2024,1:58 AM,78.1,91,75.3,19.0,WSW,0.32,29.0,WSW,988.2,0.0,0.0,0.6,1.0,1.4,3.8,9.0
9/27/2024 1:59,9/27/2024,1:59 AM,78.0,91,75.2,18.0,WSW,0.3,26.0,WSW,988.4,0.0,0.0,0.7,1.0,1.5,4.0,8.2
9/27/2024 2:00,9/27/2024,2:00 AM,78.0,91,75.2,19.0,WSW,0.32,27.0,W,988.4,0.01,0.08,0.5,1.1,1.4,3.6,8.1
9/27/2024 2:01,9/27/2024,2:01 AM,77.8,91,75.0,16.0,WSW,0.27,19.0,WSW,988.5,0.0,0.08,0.5,0.9,1.4,3.6,8.0
9/27/2024 2:02,9/27/2024,2:02 AM,77.8,91,75.0,14.0,WSW,0.23,23.0,WSW,988.5,0.0,0.08,0.4,0.8,1.3,3.4,7.8
9/27/2024 2:03,9/27/2024,2:03 AM,77.6,91,74.8,15.0,W,0.25,20.0,WSW,988.7,0.0,0.08,0.5,1.1,1.5,3.5,7.9
9/27/2024 2:04,9/27/2024,2:04 AM,77.5,91,74.7,17.0,WSW,0.28,26.0,WSW,988.7,0.0,0.08,0.3,1.0,1.3,3.4,7.7
9/27/2024 2:05,9/27/2024,2:05 AM,77.4,91,74.6,14.0,WSW,0.23,20.0,WSW,988.7,0.01,0.13,0.3,0.8,1.4,3.0,7.5
9/27/2024 2:06,9/27/2024,2:06 AM,77.3,91,74.5,16.0,W,0.27,23.0,SW,988.9,0.0,0.13,0.4,0.9,1.3,3.2,7.6
9/27/2024 2:07,9/27/2024,2:07 AM,77.1,91,74.3,17.0,W,0.28,24.0,W,989.0,0.0,0.13,0.5,0.9,1.3,3.1,7.7
9/27/2024 2:08,9/27/2024,2:08 AM,77.0,91,74.2,20.0,WSW,0.33,29.0,WSW,989.1,0.0,0.13,0.4,0.9,1.5,3.0,7.5
9/27/2024 2:09,9/27/2024,2:09 AM,77.0,91,74.2,20.0,WSW,0.33,29.0,WSW,989.3,0.0,0.12,0.6,0.9,1.6,3.3,7.4
9/27/2024 2:10,9/27/2024,2:10 AM,76.9,91,74.1,15.0,WSW,0.25,29.0,WSW,989.2,0.0,0.1,0.5,0.8,1.3,2.7,7.2
9/27/2024 2:11,9/27/2024,2:11 AM,76.9,91,74.1,17.0,W,0.28,24.0,W,989.3,0.0,0.09,0.4,0.8,1.3,2.8,7.1
9/27/2024 2:12,9/27/2024,2:12 AM,76.8,91,74.0,15.0,W,0.25,22.0,W,989.4,0.0,0.08,0.4,0.9,1.3,2.8,7.2
9/27/2024 2:13,9/27/2024,2:13 AM,76.8,91,74.0,14.0,WSW,0.23,19.0,SW,989.6,0.0,0.07,0.5,0.9,1.4,2.8,7.3
9/27/2024 2:14,9/27/2024,2:14 AM,76.7,91,73.9,22.0,WSW,0.37,26.0,W,989.5,0.01,0.07,0.2,0.8,1.1,2.6,7.0
9/27/2024 2:15,9/27/2024,2:15 AM,76.8,91,74.0,19.0,WSW,0.32,28.0,W,989.6,0.0,0.06,0.4,0.9,1.2,2.6,6.8
9/27/2024 2:16,9/27/2024,2:16 AM,76.7,90,73.5,14.0,W,0.23,22.0,WNW,989.8,0.0,0.06,0.5,0.9,1.3,2.7,6.7
9/27/2024 2:17,9/27/2024,2:17 AM,76.6,90,73.4,18.0,W,0.3,24.0,W,989.9,0.0,0.06,0.5,0.9,1.4,2.7,6.7
9/27/2024 2:18,9/27/2024,2:18 AM,76.6,90,73.4,13.0,WSW,0.22,26.0,W,990.0,0.0,0.06,0.4,0.9,1.3,2.8,6.7
9/27/2024 2:19,9/27/2024,2:19 AM,76.5,90,73.3,19.0,W,0.32,26.0,W,989.8,0.0,0.06,0.3,0.5,1.1,2.4,6.3
9/27/2024 2:20,9/27/2024,2:20 AM,76.4,90,73.2,16.0,W,0.27,22.0,WSW,990.2,0.0,0.06,0.6,1.0,1.5,2.9,6.7
9/27/2024 2:21,9/27/2024,2:21 AM,76.2,90,73.1,16.0,WSW,0.27,29.0,W,990.3,0.0,0.06,0.5,1.0,1.4,2.7,6.5
9/27/2024 2:22,9/27/2024,2:22 AM,76.2,90,73.1,22.0,W,0.37,32.0,SW,990.3,0.0,0.06,0.4,0.9,1.3,2.6,6.6
9/27/2024 2:23,9/27/2024,2:23 AM,76.2,90,73.1,14.0,WSW,0.23,20.0,W,990.7,0.0,0.06,0.7,1.1,1.6,3.1,6.9
9/27/2024 2:24,9/27/2024,2:24 AM,76.1,90,73.0,18.0,W,0.3,26.0,W,990.6,0.0,0.06,0.8,1.1,1.3,2.9,6.6
9/27/2024 2:25,9/27/2024,2:25 AM,76.1,90,73.0,20.0,W,0.33,30.0,WNW,990.6,0.0,0.05,0.4,1.0,1.4,2.7,6.5
9/27/2024 2:26,9/27/2024,2:26 AM,76.1,90,73.0,15.0,W,0.25,26.0,W,990.7,0.0,0.05,0.4,0.9,1.4,2.7,6.3
9/27/2024 2:27,9/27/2024,2:27 AM,76.2,91,73.4,15.0,SW,0.25,29.0,WNW,990.8,0.0,0.04,0.5,0.9,1.4,2.7,6.6
9/27/2024 2:28,9/27/2024,2:28 AM,76.2,91,73.4,18.0,W,0.3,29.0,WNW,990.8,0.0,0.04,0.1,0.8,1.2,2.6,6.4
9/27/2024 2:29,9/27/2024,2:29 AM,76.2,91,73.4,16.0,WSW,0.27,27.0,W,990.9,0.0,0.04,0.3,1.1,1.4,2.5,6.5
9/27/2024 2:30,9/27/2024,2:30 AM,76.2,91,73.4,21.0,WNW,0.35,29.0,WNW,991.2,0.01,0.04,0.6,1.0,1.6,2.8,6.4
9/27/2024 2:31,9/27/2024,2:31 AM,76.2,91,73.4,13.0,W,0.22,20.0,WNW,991.1,0.0,0.04,0.4,0.8,1.3,2.6,6.2
9/27/2024 2:32,9/27/2024,2:32 AM,76.2,91,73.4,19.0,WSW,0.32,30.0,WSW,991.5,0.0,0.04,0.7,1.2,1.6,3.0,6.4
9/27/2024 2:33,9/27/2024,2:33 AM,76.3,91,73.5,22.0,WSW,0.37,28.0,WSW,991.2,0.0,0.04,0.4,0.5,1.2,2.5,6.0
9/27/2024 2:34,9/27/2024,2:34 AM,76.3,91,73.5,17.0,WSW,0.28,24.0,WSW,991.3,0.0,0.04,0.4,0.7,1.5,2.6,6.0
9/27/2024 2:35,9/27/2024,2:35 AM,76.2,91,73.4,13.0,WSW,0.22,19.0,W,991.4,0.0,0.04,0.2,0.8,1.2,2.7,5.7
9/27/2024 2:36,9/27/2024,2:36 AM,76.1,91,73.3,19.0,WSW,0.32,25.0,W,991.5,0.0,0.04,0.4,0.8,1.2,2.6,5.8
9/27/2024 2:37,9/27/2024,2:37 AM,76.1,91,73.3,16.0,W,0.27,29.0,W,991.6,0.0,0.04,0.1,0.8,1.3,2.6,5.7
9/27/2024 2:38,9/27/2024,2:38 AM,76.1,91,73.3,17.0,W,0.28,25.0,W,991.4,0.0,0.04,0.2,0.6,0.7,2.3,5.3
9/27/2024 2:39,9/27/2024,2:39 AM,76.0,92,73.5,11.0,WSW,0.18,16.0,WSW,991.7,0.01,0.07,0.4,0.8,1.1,2.4,5.7
9/27/2024 2:40,9/27/2024,2:40 AM,75.9,92,73.4,14.0,W,0.23,20.0,W,991.8,0.0,0.07,0.4,0.6,1.2,2.6,5.3
9/27/2024 2:41,9/27/2024,2:41 AM,75.9,91,73.1,16.0,WSW,0.27,26.0,WNW,991.9,0.0,0.07,0.4,0.8,1.2,2.6,5.4
9/27/2024 2:42,9/27/2024,2:42 AM,75.8,92,73.3,18.0,W,0.3,26.0,W,991.9,0.01,0.22,0.3,0.4,1.1,2.5,5.3
9/27/2024 2:43,9/27/2024,2:43 AM,75.7,92,73.2,16.0,WSW,0.27,24.0,W,991.8,0.01,0.48,0.4,0.6,1.0,2.2,5.0
9/27/2024 2:44,9/27/2024,2:44 AM,75.7,92,73.2,18.0,WSW,0.3,23.0,WNW,991.8,0.0,0.37,0.1,0.5,0.9,2.3,4.9
9/27/2024 2:45,9/27/2024,2:45 AM,75.7,92,73.2,14.0,WSW,0.23,19.0,WSW,992.0,0.0,0.24,0.2,0.6,0.8,2.4,5.0
9/27/2024 2:46,9/27/2024,2:46 AM,75.6,92,73.1,16.0,WSW,0.27,25.0,SW,992.1,0.0,0.17,0.2,0.6,1.0,2.3,5.0
9/27/2024 2:47,9/27/2024,2:47 AM,75.6,92,73.1,15.0,WSW,0.25,26.0,W,992.1,0.0,0.13,0.2,0.5,0.6,2.2,4.9
9/27/2024 2:48,9/27/2024,2:48 AM,75.5,92,73.0,15.0,W,0.25,18.0,WSW,992.1,0.01,0.13,0.3,0.7,0.9,2.1,4.9
9/27/2024 2:49,9/27/2024,2:49 AM,75.5,92,73.0,14.0,W,0.23,20.0,NW,992.1,0.0,0.13,0.3,0.4,0.8,2.3,4.7
9/27/2024 2:50,9/27/2024,2:50 AM,75.5,92,73.0,13.0,WSW,0.22,19.0,WSW,992.3,0.0,0.13,0.3,0.5,0.9,2.1,5.0
9/27/2024 2:51,9/27/2024,2:51 AM,75.6,92,73.1,13.0,WSW,0.22,18.0,WSW,992.4,0.0,0.13,0.3,0.5,0.9,2.1,4.8
9/27/2024 2:52,9/27/2024,2:52 AM,75.6,92,73.1,17.0,W,0.28,25.0,WSW,992.4,0.0,0.13,0.3,0.5,0.8,2.1,4.7
9/27/2024 2:53,9/27/2024,2:53 AM,75.7,92,73.2,17.0,WSW,0.28,26.0,WSW,992.4,0.0,0.1,0.3,0.6,1.0,1.7,4.8
9/27/2024 2:54,9/27/2024,2:54 AM,75.7,91,72.9,10.0,W,0.17,15.0,W,992.5,0.0,0.09,0.4,0.7,0.8,1.9,4.8
9/27/2024 2:55,9/27/2024,2:55 AM,75.6,91,72.8,12.0,WSW,0.2,14.0,WSW,992.5,0.0,0.08,0.2,0.5,0.7,1.9,4.6
9/27/2024 2:56,9/27/2024,2:56 AM,75.7,92,73.2,18.0,W,0.3,29.0,W,992.5,0.0,0.07,0.1,0.4,0.6,1.8,4.5
9/27/2024 2:57,9/27/2024,2:57 AM,75.7,92,73.2,10.0,W,0.17,15.0,W,992.6,0.0,0.06,0.2,0.5,0.7,1.8,4.5
9/27/2024 2:58,9/27/2024,2:58 AM,75.6,92,73.1,11.0,WSW,0.18,16.0,WSW,992.6,0.0,0.06,0.2,0.5,0.8,1.8,4.4
9/27/2024 2:59,9/27/2024,2:59 AM,75.7,92,73.2,14.0,WSW,0.23,23.0,WSW,992.7,0.0,0.05,0.2,0.6,0.9,1.8,4.3
9/27/2024 3:00,9/27/2024,3:00 AM,75.7,91,72.9,12.0,WSW,0.2,18.0,WSW,992.7,0.0,0.05,0.2,0.4,0.7,1.5,4.3
9/27/2024 3:01,9/27/2024,3:01 AM,75.8,91,73.0,16.0,WSW,0.27,22.0,WSW,992.7,0.0,0.04,0.2,0.3,0.6,1.6,4.2
9/27/2024 3:02,9/27/2024,3:02 AM,75.8,91,73.0,14.0,W,0.23,23.0,WNW,992.8,0.0,0.04,0.2,0.4,0.7,1.3,4.3
9/27/2024 3:03,9/27/2024,3:03 AM,75.9,91,73.1,16.0,W,0.27,27.0,WSW,992.8,0.0,0.04,0.2,0.4,0.7,1.6,4.1
9/27/2024 3:04,9/27/2024,3:04 AM,75.9,91,73.1,13.0,WSW,0.22,20.0,W,993.0,0.0,0.04,0.3,0.5,0.9,1.7,4.3
9/27/2024 3:05,9/27/2024,3:05 AM,75.9,91,73.1,13.0,W,0.22,16.0,W,993.0,0.0,0.0,0.3,0.5,0.7,1.6,4.3
9/27/2024 3:06,9/27/2024,3:06 AM,75.9,91,73.1,14.0,W,0.23,20.0,W,993.0,0.0,0.0,0.3,0.5,0.6,1.5,4.1
